source name	characteristics[organism]	characteristics[organism part]	characteristics[cell type]	characteristics[cell line]	characteristics[developmental stage]	characteristics[disease]	characteristics[ancestry category]	characteristics[sex]	characteristics[age]	characteristics[biological replicate]	Material Type	assay name	technology type	comment[data file]	comment[file uri]	comment[technical replicate]	comment[fraction identifier]	comment[label]	comment[cleavage agent details]	comment[instrument]	comment[modification parameters]	comment[modification parameters]	comment[modification parameters]	comment[modification parameters]	comment[dissociation method]	comment[collision energy]	comment[precursor mass tolerance]	comment[fragment mass tolerance]	factor value[organism part]
PXD000865-Sample-32	Homo sapiens	Liver	not applicable	not applicable	not available	normal	not available	not available	not available	1	tissue	run 696	proteomic profiling by mass spectrometry	00704_A01_P005214_B0A_A00_R1.raw	ftp://ftp.pride.ebi.ac.uk/pride/data/archive/2014/05/PXD000865/00704_A01_P005214_B0A_A00_R1.raw	1	1	AC=MS:1002038;NT=label free sample	NT=Lys-C;AC=MS:1001309	NT=LTQ Orbitrap Elite;AC=MS:1001910	NT=Carbamidomethyl;AC=UNIMOD:4;TA=C;MT=Fixed	NT=Oxidation;AC=UNIMOD:35;MT=Variable;TA=M	NT=Acetyl;AC=UNIMOD:1;PP=Protein N-term;MT=variable	"NT=Deamidated;MT=Variable;TA=N,Q;AC=UNIMOD:7"	NT=HCD;AC=PRIDE:0000590	30% NCE	20 ppm	0.05 Da	Liver
PXD000865-Sample-32	Homo sapiens	Liver	not applicable	not applicable	not available	normal	not available	not available	not available	1	tissue	run 697	proteomic profiling by mass spectrometry	00704_A02_P005214_B0I_A00_R1.raw	ftp://ftp.pride.ebi.ac.uk/pride/data/archive/2014/05/PXD000865/00704_A02_P005214_B0I_A00_R1.raw	1	2	AC=MS:1002038;NT=label free sample	NT=Lys-C;AC=MS:1001309	NT=LTQ Orbitrap Elite;AC=MS:1001910	NT=Carbamidomethyl;AC=UNIMOD:4;TA=C;MT=Fixed	NT=Oxidation;AC=UNIMOD:35;MT=Variable;TA=M	NT=Acetyl;AC=UNIMOD:1;PP=Protein N-term;MT=variable	"NT=Deamidated;MT=Variable;TA=N,Q;AC=UNIMOD:7"	NT=HCD;AC=PRIDE:0000590	30% NCE	20 ppm	0.05 Da	Liver
PXD000865-Sample-32	Homo sapiens	Liver	not applicable	not applicable	not available	normal	not available	not available	not available	1	tissue	run 698	proteomic profiling by mass spectrometry	00704_A03_P005214_B0Q_A00_R1.raw	ftp://ftp.pride.ebi.ac.uk/pride/data/archive/2014/05/PXD000865/00704_A03_P005214_B0Q_A00_R1.raw	1	3	AC=MS:1002038;NT=label free sample	NT=Lys-C;AC=MS:1001309	NT=LTQ Orbitrap Elite;AC=MS:1001910	NT=Carbamidomethyl;AC=UNIMOD:4;TA=C;MT=Fixed	NT=Oxidation;AC=UNIMOD:35;MT=Variable;TA=M	NT=Acetyl;AC=UNIMOD:1;PP=Protein N-term;MT=variable	"NT=Deamidated;MT=Variable;TA=N,Q;AC=UNIMOD:7"	NT=HCD;AC=PRIDE:0000590	30% NCE	20 ppm	0.05 Da	Liver
PXD000865-Sample-32	Homo sapiens	Liver	not applicable	not applicable	not available	normal	not available	not available	not available	1	tissue	run 699	proteomic profiling by mass spectrometry	00704_B01_P005214_B0B_A00_R1.raw	ftp://ftp.pride.ebi.ac.uk/pride/data/archive/2014/05/PXD000865/00704_B01_P005214_B0B_A00_R1.raw	1	4	AC=MS:1002038;NT=label free sample	NT=Lys-C;AC=MS:1001309	NT=LTQ Orbitrap Elite;AC=MS:1001910	NT=Carbamidomethyl;AC=UNIMOD:4;TA=C;MT=Fixed	NT=Oxidation;AC=UNIMOD:35;MT=Variable;TA=M	NT=Acetyl;AC=UNIMOD:1;PP=Protein N-term;MT=variable	"NT=Deamidated;MT=Variable;TA=N,Q;AC=UNIMOD:7"	NT=HCD;AC=PRIDE:0000590	30% NCE	20 ppm	0.05 Da	Liver
PXD000865-Sample-32	Homo sapiens	Liver	not applicable	not applicable	not available	normal	not available	not available	not available	1	tissue	run 700	proteomic profiling by mass spectrometry	00704_B02_P005214_B0J_A00_R1.raw	ftp://ftp.pride.ebi.ac.uk/pride/data/archive/2014/05/PXD000865/00704_B02_P005214_B0J_A00_R1.raw	1	5	AC=MS:1002038;NT=label free sample	NT=Lys-C;AC=MS:1001309	NT=LTQ Orbitrap Elite;AC=MS:1001910	NT=Carbamidomethyl;AC=UNIMOD:4;TA=C;MT=Fixed	NT=Oxidation;AC=UNIMOD:35;MT=Variable;TA=M	NT=Acetyl;AC=UNIMOD:1;PP=Protein N-term;MT=variable	"NT=Deamidated;MT=Variable;TA=N,Q;AC=UNIMOD:7"	NT=HCD;AC=PRIDE:0000590	30% NCE	20 ppm	0.05 Da	Liver
PXD000865-Sample-32	Homo sapiens	Liver	not applicable	not applicable	not available	normal	not available	not available	not available	1	tissue	run 701	proteomic profiling by mass spectrometry	00704_B03_P005214_B0R_A00_R1.raw	ftp://ftp.pride.ebi.ac.uk/pride/data/archive/2014/05/PXD000865/00704_B03_P005214_B0R_A00_R1.raw	1	6	AC=MS:1002038;NT=label free sample	NT=Lys-C;AC=MS:1001309	NT=LTQ Orbitrap Elite;AC=MS:1001910	NT=Carbamidomethyl;AC=UNIMOD:4;TA=C;MT=Fixed	NT=Oxidation;AC=UNIMOD:35;MT=Variable;TA=M	NT=Acetyl;AC=UNIMOD:1;PP=Protein N-term;MT=variable	"NT=Deamidated;MT=Variable;TA=N,Q;AC=UNIMOD:7"	NT=HCD;AC=PRIDE:0000590	30% NCE	20 ppm	0.05 Da	Liver
PXD000865-Sample-32	Homo sapiens	Liver	not applicable	not applicable	not available	normal	not available	not available	not available	1	tissue	run 702	proteomic profiling by mass spectrometry	00704_C01_P005214_B0C_A00_R1.raw	ftp://ftp.pride.ebi.ac.uk/pride/data/archive/2014/05/PXD000865/00704_C01_P005214_B0C_A00_R1.raw	1	7	AC=MS:1002038;NT=label free sample	NT=Lys-C;AC=MS:1001309	NT=LTQ Orbitrap Elite;AC=MS:1001910	NT=Carbamidomethyl;AC=UNIMOD:4;TA=C;MT=Fixed	NT=Oxidation;AC=UNIMOD:35;MT=Variable;TA=M	NT=Acetyl;AC=UNIMOD:1;PP=Protein N-term;MT=variable	"NT=Deamidated;MT=Variable;TA=N,Q;AC=UNIMOD:7"	NT=HCD;AC=PRIDE:0000590	30% NCE	20 ppm	0.05 Da	Liver
PXD000865-Sample-32	Homo sapiens	Liver	not applicable	not applicable	not available	normal	not available	not available	not available	1	tissue	run 703	proteomic profiling by mass spectrometry	00704_C02_P005214_B0K_A00_R1.raw	ftp://ftp.pride.ebi.ac.uk/pride/data/archive/2014/05/PXD000865/00704_C02_P005214_B0K_A00_R1.raw	1	8	AC=MS:1002038;NT=label free sample	NT=Lys-C;AC=MS:1001309	NT=LTQ Orbitrap Elite;AC=MS:1001910	NT=Carbamidomethyl;AC=UNIMOD:4;TA=C;MT=Fixed	NT=Oxidation;AC=UNIMOD:35;MT=Variable;TA=M	NT=Acetyl;AC=UNIMOD:1;PP=Protein N-term;MT=variable	"NT=Deamidated;MT=Variable;TA=N,Q;AC=UNIMOD:7"	NT=HCD;AC=PRIDE:0000590	30% NCE	20 ppm	0.05 Da	Liver
PXD000865-Sample-32	Homo sapiens	Liver	not applicable	not applicable	not available	normal	not available	not available	not available	1	tissue	run 704	proteomic profiling by mass spectrometry	00704_C03_P005214_B0S_A00_R1.raw	ftp://ftp.pride.ebi.ac.uk/pride/data/archive/2014/05/PXD000865/00704_C03_P005214_B0S_A00_R1.raw	1	9	AC=MS:1002038;NT=label free sample	NT=Lys-C;AC=MS:1001309	NT=LTQ Orbitrap Elite;AC=MS:1001910	NT=Carbamidomethyl;AC=UNIMOD:4;TA=C;MT=Fixed	NT=Oxidation;AC=UNIMOD:35;MT=Variable;TA=M	NT=Acetyl;AC=UNIMOD:1;PP=Protein N-term;MT=variable	"NT=Deamidated;MT=Variable;TA=N,Q;AC=UNIMOD:7"	NT=HCD;AC=PRIDE:0000590	30% NCE	20 ppm	0.05 Da	Liver
PXD000865-Sample-32	Homo sapiens	Liver	not applicable	not applicable	not available	normal	not available	not available	not available	1	tissue	run 705	proteomic profiling by mass spectrometry	00704_D01_P005214_B0D_A00_R1.raw	ftp://ftp.pride.ebi.ac.uk/pride/data/archive/2014/05/PXD000865/00704_D01_P005214_B0D_A00_R1.raw	1	10	AC=MS:1002038;NT=label free sample	NT=Lys-C;AC=MS:1001309	NT=LTQ Orbitrap Elite;AC=MS:1001910	NT=Carbamidomethyl;AC=UNIMOD:4;TA=C;MT=Fixed	NT=Oxidation;AC=UNIMOD:35;MT=Variable;TA=M	NT=Acetyl;AC=UNIMOD:1;PP=Protein N-term;MT=variable	"NT=Deamidated;MT=Variable;TA=N,Q;AC=UNIMOD:7"	NT=HCD;AC=PRIDE:0000590	30% NCE	20 ppm	0.05 Da	Liver
PXD000865-Sample-32	Homo sapiens	Liver	not applicable	not applicable	not available	normal	not available	not available	not available	1	tissue	run 706	proteomic profiling by mass spectrometry	00704_D02_P005214_B0L_A00_R1.raw	ftp://ftp.pride.ebi.ac.uk/pride/data/archive/2014/05/PXD000865/00704_D02_P005214_B0L_A00_R1.raw	1	11	AC=MS:1002038;NT=label free sample	NT=Lys-C;AC=MS:1001309	NT=LTQ Orbitrap Elite;AC=MS:1001910	NT=Carbamidomethyl;AC=UNIMOD:4;TA=C;MT=Fixed	NT=Oxidation;AC=UNIMOD:35;MT=Variable;TA=M	NT=Acetyl;AC=UNIMOD:1;PP=Protein N-term;MT=variable	"NT=Deamidated;MT=Variable;TA=N,Q;AC=UNIMOD:7"	NT=HCD;AC=PRIDE:0000590	30% NCE	20 ppm	0.05 Da	Liver
PXD000865-Sample-32	Homo sapiens	Liver	not applicable	not applicable	not available	normal	not available	not available	not available	1	tissue	run 707	proteomic profiling by mass spectrometry	00704_D03_P005214_B0T_A00_R1.raw	ftp://ftp.pride.ebi.ac.uk/pride/data/archive/2014/05/PXD000865/00704_D03_P005214_B0T_A00_R1.raw	1	12	AC=MS:1002038;NT=label free sample	NT=Lys-C;AC=MS:1001309	NT=LTQ Orbitrap Elite;AC=MS:1001910	NT=Carbamidomethyl;AC=UNIMOD:4;TA=C;MT=Fixed	NT=Oxidation;AC=UNIMOD:35;MT=Variable;TA=M	NT=Acetyl;AC=UNIMOD:1;PP=Protein N-term;MT=variable	"NT=Deamidated;MT=Variable;TA=N,Q;AC=UNIMOD:7"	NT=HCD;AC=PRIDE:0000590	30% NCE	20 ppm	0.05 Da	Liver
PXD000865-Sample-32	Homo sapiens	Liver	not applicable	not applicable	not available	normal	not available	not available	not available	1	tissue	run 708	proteomic profiling by mass spectrometry	00704_E01_P005214_B0E_A00_R1.raw	ftp://ftp.pride.ebi.ac.uk/pride/data/archive/2014/05/PXD000865/00704_E01_P005214_B0E_A00_R1.raw	1	13	AC=MS:1002038;NT=label free sample	NT=Lys-C;AC=MS:1001309	NT=LTQ Orbitrap Elite;AC=MS:1001910	NT=Carbamidomethyl;AC=UNIMOD:4;TA=C;MT=Fixed	NT=Oxidation;AC=UNIMOD:35;MT=Variable;TA=M	NT=Acetyl;AC=UNIMOD:1;PP=Protein N-term;MT=variable	"NT=Deamidated;MT=Variable;TA=N,Q;AC=UNIMOD:7"	NT=HCD;AC=PRIDE:0000590	30% NCE	20 ppm	0.05 Da	Liver
PXD000865-Sample-32	Homo sapiens	Liver	not applicable	not applicable	not available	normal	not available	not available	not available	1	tissue	run 709	proteomic profiling by mass spectrometry	00704_E02_P005214_B0M_A00_R1.raw	ftp://ftp.pride.ebi.ac.uk/pride/data/archive/2014/05/PXD000865/00704_E02_P005214_B0M_A00_R1.raw	1	14	AC=MS:1002038;NT=label free sample	NT=Lys-C;AC=MS:1001309	NT=LTQ Orbitrap Elite;AC=MS:1001910	NT=Carbamidomethyl;AC=UNIMOD:4;TA=C;MT=Fixed	NT=Oxidation;AC=UNIMOD:35;MT=Variable;TA=M	NT=Acetyl;AC=UNIMOD:1;PP=Protein N-term;MT=variable	"NT=Deamidated;MT=Variable;TA=N,Q;AC=UNIMOD:7"	NT=HCD;AC=PRIDE:0000590	30% NCE	20 ppm	0.05 Da	Liver
PXD000865-Sample-32	Homo sapiens	Liver	not applicable	not applicable	not available	normal	not available	not available	not available	1	tissue	run 710	proteomic profiling by mass spectrometry	00704_E03_P005214_B0U_A00_R1.raw	ftp://ftp.pride.ebi.ac.uk/pride/data/archive/2014/05/PXD000865/00704_E03_P005214_B0U_A00_R1.raw	1	15	AC=MS:1002038;NT=label free sample	NT=Lys-C;AC=MS:1001309	NT=LTQ Orbitrap Elite;AC=MS:1001910	NT=Carbamidomethyl;AC=UNIMOD:4;TA=C;MT=Fixed	NT=Oxidation;AC=UNIMOD:35;MT=Variable;TA=M	NT=Acetyl;AC=UNIMOD:1;PP=Protein N-term;MT=variable	"NT=Deamidated;MT=Variable;TA=N,Q;AC=UNIMOD:7"	NT=HCD;AC=PRIDE:0000590	30% NCE	20 ppm	0.05 Da	Liver
PXD000865-Sample-32	Homo sapiens	Liver	not applicable	not applicable	not available	normal	not available	not available	not available	1	tissue	run 711	proteomic profiling by mass spectrometry	00704_F01_P005214_B0F_A00_R1.raw	ftp://ftp.pride.ebi.ac.uk/pride/data/archive/2014/05/PXD000865/00704_F01_P005214_B0F_A00_R1.raw	1	16	AC=MS:1002038;NT=label free sample	NT=Lys-C;AC=MS:1001309	NT=LTQ Orbitrap Elite;AC=MS:1001910	NT=Carbamidomethyl;AC=UNIMOD:4;TA=C;MT=Fixed	NT=Oxidation;AC=UNIMOD:35;MT=Variable;TA=M	NT=Acetyl;AC=UNIMOD:1;PP=Protein N-term;MT=variable	"NT=Deamidated;MT=Variable;TA=N,Q;AC=UNIMOD:7"	NT=HCD;AC=PRIDE:0000590	30% NCE	20 ppm	0.05 Da	Liver
PXD000865-Sample-32	Homo sapiens	Liver	not applicable	not applicable	not available	normal	not available	not available	not available	1	tissue	run 712	proteomic profiling by mass spectrometry	00704_F02_P005214_B0N_A00_R1.raw	ftp://ftp.pride.ebi.ac.uk/pride/data/archive/2014/05/PXD000865/00704_F02_P005214_B0N_A00_R1.raw	1	17	AC=MS:1002038;NT=label free sample	NT=Lys-C;AC=MS:1001309	NT=LTQ Orbitrap Elite;AC=MS:1001910	NT=Carbamidomethyl;AC=UNIMOD:4;TA=C;MT=Fixed	NT=Oxidation;AC=UNIMOD:35;MT=Variable;TA=M	NT=Acetyl;AC=UNIMOD:1;PP=Protein N-term;MT=variable	"NT=Deamidated;MT=Variable;TA=N,Q;AC=UNIMOD:7"	NT=HCD;AC=PRIDE:0000590	30% NCE	20 ppm	0.05 Da	Liver
PXD000865-Sample-32	Homo sapiens	Liver	not applicable	not applicable	not available	normal	not available	not available	not available	1	tissue	run 713	proteomic profiling by mass spectrometry	00704_F03_P005214_B0V_A00_R1.raw	ftp://ftp.pride.ebi.ac.uk/pride/data/archive/2014/05/PXD000865/00704_F03_P005214_B0V_A00_R1.raw	1	18	AC=MS:1002038;NT=label free sample	NT=Lys-C;AC=MS:1001309	NT=LTQ Orbitrap Elite;AC=MS:1001910	NT=Carbamidomethyl;AC=UNIMOD:4;TA=C;MT=Fixed	NT=Oxidation;AC=UNIMOD:35;MT=Variable;TA=M	NT=Acetyl;AC=UNIMOD:1;PP=Protein N-term;MT=variable	"NT=Deamidated;MT=Variable;TA=N,Q;AC=UNIMOD:7"	NT=HCD;AC=PRIDE:0000590	30% NCE	20 ppm	0.05 Da	Liver
PXD000865-Sample-32	Homo sapiens	Liver	not applicable	not applicable	not available	normal	not available	not available	not available	1	tissue	run 714	proteomic profiling by mass spectrometry	00704_G01_P005214_B0G_A00_R1.raw	ftp://ftp.pride.ebi.ac.uk/pride/data/archive/2014/05/PXD000865/00704_G01_P005214_B0G_A00_R1.raw	1	19	AC=MS:1002038;NT=label free sample	NT=Lys-C;AC=MS:1001309	NT=LTQ Orbitrap Elite;AC=MS:1001910	NT=Carbamidomethyl;AC=UNIMOD:4;TA=C;MT=Fixed	NT=Oxidation;AC=UNIMOD:35;MT=Variable;TA=M	NT=Acetyl;AC=UNIMOD:1;PP=Protein N-term;MT=variable	"NT=Deamidated;MT=Variable;TA=N,Q;AC=UNIMOD:7"	NT=HCD;AC=PRIDE:0000590	30% NCE	20 ppm	0.05 Da	Liver
PXD000865-Sample-32	Homo sapiens	Liver	not applicable	not applicable	not available	normal	not available	not available	not available	1	tissue	run 715	proteomic profiling by mass spectrometry	00704_G02_P005214_B0O_A00_R1.raw	ftp://ftp.pride.ebi.ac.uk/pride/data/archive/2014/05/PXD000865/00704_G02_P005214_B0O_A00_R1.raw	1	20	AC=MS:1002038;NT=label free sample	NT=Lys-C;AC=MS:1001309	NT=LTQ Orbitrap Elite;AC=MS:1001910	NT=Carbamidomethyl;AC=UNIMOD:4;TA=C;MT=Fixed	NT=Oxidation;AC=UNIMOD:35;MT=Variable;TA=M	NT=Acetyl;AC=UNIMOD:1;PP=Protein N-term;MT=variable	"NT=Deamidated;MT=Variable;TA=N,Q;AC=UNIMOD:7"	NT=HCD;AC=PRIDE:0000590	30% NCE	20 ppm	0.05 Da	Liver
PXD000865-Sample-32	Homo sapiens	Liver	not applicable	not applicable	not available	normal	not available	not available	not available	1	tissue	run 716	proteomic profiling by mass spectrometry	00704_G03_P005214_B0W_A00_R1.raw	ftp://ftp.pride.ebi.ac.uk/pride/data/archive/2014/05/PXD000865/00704_G03_P005214_B0W_A00_R1.raw	1	21	AC=MS:1002038;NT=label free sample	NT=Lys-C;AC=MS:1001309	NT=LTQ Orbitrap Elite;AC=MS:1001910	NT=Carbamidomethyl;AC=UNIMOD:4;TA=C;MT=Fixed	NT=Oxidation;AC=UNIMOD:35;MT=Variable;TA=M	NT=Acetyl;AC=UNIMOD:1;PP=Protein N-term;MT=variable	"NT=Deamidated;MT=Variable;TA=N,Q;AC=UNIMOD:7"	NT=HCD;AC=PRIDE:0000590	30% NCE	20 ppm	0.05 Da	Liver
PXD000865-Sample-32	Homo sapiens	Liver	not applicable	not applicable	not available	normal	not available	not available	not available	1	tissue	run 717	proteomic profiling by mass spectrometry	00704_H01_P005214_B0H_A00_R1.raw	ftp://ftp.pride.ebi.ac.uk/pride/data/archive/2014/05/PXD000865/00704_H01_P005214_B0H_A00_R1.raw	1	22	AC=MS:1002038;NT=label free sample	NT=Lys-C;AC=MS:1001309	NT=LTQ Orbitrap Elite;AC=MS:1001910	NT=Carbamidomethyl;AC=UNIMOD:4;TA=C;MT=Fixed	NT=Oxidation;AC=UNIMOD:35;MT=Variable;TA=M	NT=Acetyl;AC=UNIMOD:1;PP=Protein N-term;MT=variable	"NT=Deamidated;MT=Variable;TA=N,Q;AC=UNIMOD:7"	NT=HCD;AC=PRIDE:0000590	30% NCE	20 ppm	0.05 Da	Liver
PXD000865-Sample-32	Homo sapiens	Liver	not applicable	not applicable	not available	normal	not available	not available	not available	1	tissue	run 718	proteomic profiling by mass spectrometry	00704_H02_P005214_B0P_A00_R1.raw	ftp://ftp.pride.ebi.ac.uk/pride/data/archive/2014/05/PXD000865/00704_H02_P005214_B0P_A00_R1.raw	1	23	AC=MS:1002038;NT=label free sample	NT=Lys-C;AC=MS:1001309	NT=LTQ Orbitrap Elite;AC=MS:1001910	NT=Carbamidomethyl;AC=UNIMOD:4;TA=C;MT=Fixed	NT=Oxidation;AC=UNIMOD:35;MT=Variable;TA=M	NT=Acetyl;AC=UNIMOD:1;PP=Protein N-term;MT=variable	"NT=Deamidated;MT=Variable;TA=N,Q;AC=UNIMOD:7"	NT=HCD;AC=PRIDE:0000590	30% NCE	20 ppm	0.05 Da	Liver
PXD000865-Sample-32	Homo sapiens	Liver	not applicable	not applicable	not available	normal	not available	not available	not available	1	tissue	run 719	proteomic profiling by mass spectrometry	00704_H03_P005214_B0x_A00_R1.raw	ftp://ftp.pride.ebi.ac.uk/pride/data/archive/2014/05/PXD000865/00704_H03_P005214_B0x_A00_R1.raw	1	24	AC=MS:1002038;NT=label free sample	NT=Lys-C;AC=MS:1001309	NT=LTQ Orbitrap Elite;AC=MS:1001910	NT=Carbamidomethyl;AC=UNIMOD:4;TA=C;MT=Fixed	NT=Oxidation;AC=UNIMOD:35;MT=Variable;TA=M	NT=Acetyl;AC=UNIMOD:1;PP=Protein N-term;MT=variable	"NT=Deamidated;MT=Variable;TA=N,Q;AC=UNIMOD:7"	NT=HCD;AC=PRIDE:0000590	30% NCE	20 ppm	0.05 Da	Liver
PXD000865-Sample-33	Homo sapiens	Spleen	not applicable	not applicable	not available	normal	not available	not available	not available	1	tissue	run 720	proteomic profiling by mass spectrometry	00704_H06_P005215_B0X_A00_R1.raw	ftp://ftp.pride.ebi.ac.uk/pride/data/archive/2014/05/PXD000865/00704_H06_P005215_B0X_A00_R1.raw	1	1	AC=MS:1002038;NT=label free sample	NT=Lys-C;AC=MS:1001309	NT=LTQ Orbitrap Elite;AC=MS:1001910	NT=Carbamidomethyl;AC=UNIMOD:4;TA=C;MT=Fixed	NT=Oxidation;AC=UNIMOD:35;MT=Variable;TA=M	NT=Acetyl;AC=UNIMOD:1;PP=Protein N-term;MT=variable	"NT=Deamidated;MT=Variable;TA=N,Q;AC=UNIMOD:7"	NT=HCD;AC=PRIDE:0000590	30% NCE	20 ppm	0.05 Da	Spleen
PXD000865-Sample-33	Homo sapiens	Spleen	not applicable	not applicable	not available	normal	not available	not available	not available	1	tissue	run 721	proteomic profiling by mass spectrometry	00704_G06_P005215_B0W_A00_R1.raw	ftp://ftp.pride.ebi.ac.uk/pride/data/archive/2014/05/PXD000865/00704_G06_P005215_B0W_A00_R1.raw	1	2	AC=MS:1002038;NT=label free sample	NT=Lys-C;AC=MS:1001309	NT=LTQ Orbitrap Elite;AC=MS:1001910	NT=Carbamidomethyl;AC=UNIMOD:4;TA=C;MT=Fixed	NT=Oxidation;AC=UNIMOD:35;MT=Variable;TA=M	NT=Acetyl;AC=UNIMOD:1;PP=Protein N-term;MT=variable	"NT=Deamidated;MT=Variable;TA=N,Q;AC=UNIMOD:7"	NT=HCD;AC=PRIDE:0000590	30% NCE	20 ppm	0.05 Da	Spleen
PXD000865-Sample-33	Homo sapiens	Spleen	not applicable	not applicable	not available	normal	not available	not available	not available	1	tissue	run 722	proteomic profiling by mass spectrometry	00704_F06_P005215_B0V_A00_R1.raw	ftp://ftp.pride.ebi.ac.uk/pride/data/archive/2014/05/PXD000865/00704_F06_P005215_B0V_A00_R1.raw	1	3	AC=MS:1002038;NT=label free sample	NT=Lys-C;AC=MS:1001309	NT=LTQ Orbitrap Elite;AC=MS:1001910	NT=Carbamidomethyl;AC=UNIMOD:4;TA=C;MT=Fixed	NT=Oxidation;AC=UNIMOD:35;MT=Variable;TA=M	NT=Acetyl;AC=UNIMOD:1;PP=Protein N-term;MT=variable	"NT=Deamidated;MT=Variable;TA=N,Q;AC=UNIMOD:7"	NT=HCD;AC=PRIDE:0000590	30% NCE	20 ppm	0.05 Da	Spleen
PXD000865-Sample-33	Homo sapiens	Spleen	not applicable	not applicable	not available	normal	not available	not available	not available	1	tissue	run 723	proteomic profiling by mass spectrometry	00704_E06_P005215_B0U_A00_R1.raw	ftp://ftp.pride.ebi.ac.uk/pride/data/archive/2014/05/PXD000865/00704_E06_P005215_B0U_A00_R1.raw	1	4	AC=MS:1002038;NT=label free sample	NT=Lys-C;AC=MS:1001309	NT=LTQ Orbitrap Elite;AC=MS:1001910	NT=Carbamidomethyl;AC=UNIMOD:4;TA=C;MT=Fixed	NT=Oxidation;AC=UNIMOD:35;MT=Variable;TA=M	NT=Acetyl;AC=UNIMOD:1;PP=Protein N-term;MT=variable	"NT=Deamidated;MT=Variable;TA=N,Q;AC=UNIMOD:7"	NT=HCD;AC=PRIDE:0000590	30% NCE	20 ppm	0.05 Da	Spleen
PXD000865-Sample-33	Homo sapiens	Spleen	not applicable	not applicable	not available	normal	not available	not available	not available	1	tissue	run 724	proteomic profiling by mass spectrometry	00704_D06_P005215_B0T_A00_R1.raw	ftp://ftp.pride.ebi.ac.uk/pride/data/archive/2014/05/PXD000865/00704_D06_P005215_B0T_A00_R1.raw	1	5	AC=MS:1002038;NT=label free sample	NT=Lys-C;AC=MS:1001309	NT=LTQ Orbitrap Elite;AC=MS:1001910	NT=Carbamidomethyl;AC=UNIMOD:4;TA=C;MT=Fixed	NT=Oxidation;AC=UNIMOD:35;MT=Variable;TA=M	NT=Acetyl;AC=UNIMOD:1;PP=Protein N-term;MT=variable	"NT=Deamidated;MT=Variable;TA=N,Q;AC=UNIMOD:7"	NT=HCD;AC=PRIDE:0000590	30% NCE	20 ppm	0.05 Da	Spleen
PXD000865-Sample-33	Homo sapiens	Spleen	not applicable	not applicable	not available	normal	not available	not available	not available	1	tissue	run 725	proteomic profiling by mass spectrometry	00704_C06_P005215_B0S_A00_R1.raw	ftp://ftp.pride.ebi.ac.uk/pride/data/archive/2014/05/PXD000865/00704_C06_P005215_B0S_A00_R1.raw	1	6	AC=MS:1002038;NT=label free sample	NT=Lys-C;AC=MS:1001309	NT=LTQ Orbitrap Elite;AC=MS:1001910	NT=Carbamidomethyl;AC=UNIMOD:4;TA=C;MT=Fixed	NT=Oxidation;AC=UNIMOD:35;MT=Variable;TA=M	NT=Acetyl;AC=UNIMOD:1;PP=Protein N-term;MT=variable	"NT=Deamidated;MT=Variable;TA=N,Q;AC=UNIMOD:7"	NT=HCD;AC=PRIDE:0000590	30% NCE	20 ppm	0.05 Da	Spleen
PXD000865-Sample-33	Homo sapiens	Spleen	not applicable	not applicable	not available	normal	not available	not available	not available	1	tissue	run 726	proteomic profiling by mass spectrometry	00704_B06_P005215_B0R_A00_R1.raw	ftp://ftp.pride.ebi.ac.uk/pride/data/archive/2014/05/PXD000865/00704_B06_P005215_B0R_A00_R1.raw	1	7	AC=MS:1002038;NT=label free sample	NT=Lys-C;AC=MS:1001309	NT=LTQ Orbitrap Elite;AC=MS:1001910	NT=Carbamidomethyl;AC=UNIMOD:4;TA=C;MT=Fixed	NT=Oxidation;AC=UNIMOD:35;MT=Variable;TA=M	NT=Acetyl;AC=UNIMOD:1;PP=Protein N-term;MT=variable	"NT=Deamidated;MT=Variable;TA=N,Q;AC=UNIMOD:7"	NT=HCD;AC=PRIDE:0000590	30% NCE	20 ppm	0.05 Da	Spleen
PXD000865-Sample-33	Homo sapiens	Spleen	not applicable	not applicable	not available	normal	not available	not available	not available	1	tissue	run 727	proteomic profiling by mass spectrometry	00704_A06_P005215_B0Q_A00_R1.raw	ftp://ftp.pride.ebi.ac.uk/pride/data/archive/2014/05/PXD000865/00704_A06_P005215_B0Q_A00_R1.raw	1	8	AC=MS:1002038;NT=label free sample	NT=Lys-C;AC=MS:1001309	NT=LTQ Orbitrap Elite;AC=MS:1001910	NT=Carbamidomethyl;AC=UNIMOD:4;TA=C;MT=Fixed	NT=Oxidation;AC=UNIMOD:35;MT=Variable;TA=M	NT=Acetyl;AC=UNIMOD:1;PP=Protein N-term;MT=variable	"NT=Deamidated;MT=Variable;TA=N,Q;AC=UNIMOD:7"	NT=HCD;AC=PRIDE:0000590	30% NCE	20 ppm	0.05 Da	Spleen
PXD000865-Sample-33	Homo sapiens	Spleen	not applicable	not applicable	not available	normal	not available	not available	not available	1	tissue	run 728	proteomic profiling by mass spectrometry	00704_H05_P005215_B0P_A00_R1.raw	ftp://ftp.pride.ebi.ac.uk/pride/data/archive/2014/05/PXD000865/00704_H05_P005215_B0P_A00_R1.raw	1	9	AC=MS:1002038;NT=label free sample	NT=Lys-C;AC=MS:1001309	NT=LTQ Orbitrap Elite;AC=MS:1001910	NT=Carbamidomethyl;AC=UNIMOD:4;TA=C;MT=Fixed	NT=Oxidation;AC=UNIMOD:35;MT=Variable;TA=M	NT=Acetyl;AC=UNIMOD:1;PP=Protein N-term;MT=variable	"NT=Deamidated;MT=Variable;TA=N,Q;AC=UNIMOD:7"	NT=HCD;AC=PRIDE:0000590	30% NCE	20 ppm	0.05 Da	Spleen
PXD000865-Sample-33	Homo sapiens	Spleen	not applicable	not applicable	not available	normal	not available	not available	not available	1	tissue	run 729	proteomic profiling by mass spectrometry	00704_G05_P005215_B0O_A00_R1.raw	ftp://ftp.pride.ebi.ac.uk/pride/data/archive/2014/05/PXD000865/00704_G05_P005215_B0O_A00_R1.raw	1	10	AC=MS:1002038;NT=label free sample	NT=Lys-C;AC=MS:1001309	NT=LTQ Orbitrap Elite;AC=MS:1001910	NT=Carbamidomethyl;AC=UNIMOD:4;TA=C;MT=Fixed	NT=Oxidation;AC=UNIMOD:35;MT=Variable;TA=M	NT=Acetyl;AC=UNIMOD:1;PP=Protein N-term;MT=variable	"NT=Deamidated;MT=Variable;TA=N,Q;AC=UNIMOD:7"	NT=HCD;AC=PRIDE:0000590	30% NCE	20 ppm	0.05 Da	Spleen
PXD000865-Sample-33	Homo sapiens	Spleen	not applicable	not applicable	not available	normal	not available	not available	not available	1	tissue	run 730	proteomic profiling by mass spectrometry	00704_F05_P005215_B0N_A00_R1.raw	ftp://ftp.pride.ebi.ac.uk/pride/data/archive/2014/05/PXD000865/00704_F05_P005215_B0N_A00_R1.raw	1	11	AC=MS:1002038;NT=label free sample	NT=Lys-C;AC=MS:1001309	NT=LTQ Orbitrap Elite;AC=MS:1001910	NT=Carbamidomethyl;AC=UNIMOD:4;TA=C;MT=Fixed	NT=Oxidation;AC=UNIMOD:35;MT=Variable;TA=M	NT=Acetyl;AC=UNIMOD:1;PP=Protein N-term;MT=variable	"NT=Deamidated;MT=Variable;TA=N,Q;AC=UNIMOD:7"	NT=HCD;AC=PRIDE:0000590	30% NCE	20 ppm	0.05 Da	Spleen
PXD000865-Sample-33	Homo sapiens	Spleen	not applicable	not applicable	not available	normal	not available	not available	not available	1	tissue	run 731	proteomic profiling by mass spectrometry	00704_E05_P005215_B0M_A00_R1.raw	ftp://ftp.pride.ebi.ac.uk/pride/data/archive/2014/05/PXD000865/00704_E05_P005215_B0M_A00_R1.raw	1	12	AC=MS:1002038;NT=label free sample	NT=Lys-C;AC=MS:1001309	NT=LTQ Orbitrap Elite;AC=MS:1001910	NT=Carbamidomethyl;AC=UNIMOD:4;TA=C;MT=Fixed	NT=Oxidation;AC=UNIMOD:35;MT=Variable;TA=M	NT=Acetyl;AC=UNIMOD:1;PP=Protein N-term;MT=variable	"NT=Deamidated;MT=Variable;TA=N,Q;AC=UNIMOD:7"	NT=HCD;AC=PRIDE:0000590	30% NCE	20 ppm	0.05 Da	Spleen
PXD000865-Sample-33	Homo sapiens	Spleen	not applicable	not applicable	not available	normal	not available	not available	not available	1	tissue	run 732	proteomic profiling by mass spectrometry	00704_D05_P005215_B0L_A00_R2.raw	ftp://ftp.pride.ebi.ac.uk/pride/data/archive/2014/05/PXD000865/00704_D05_P005215_B0L_A00_R2.raw	1	13	AC=MS:1002038;NT=label free sample	NT=Lys-C;AC=MS:1001309	NT=LTQ Orbitrap Elite;AC=MS:1001910	NT=Carbamidomethyl;AC=UNIMOD:4;TA=C;MT=Fixed	NT=Oxidation;AC=UNIMOD:35;MT=Variable;TA=M	NT=Acetyl;AC=UNIMOD:1;PP=Protein N-term;MT=variable	"NT=Deamidated;MT=Variable;TA=N,Q;AC=UNIMOD:7"	NT=HCD;AC=PRIDE:0000590	30% NCE	20 ppm	0.05 Da	Spleen
PXD000865-Sample-33	Homo sapiens	Spleen	not applicable	not applicable	not available	normal	not available	not available	not available	1	tissue	run 733	proteomic profiling by mass spectrometry	00704_C05_P005215_B0K_A00_R2.raw	ftp://ftp.pride.ebi.ac.uk/pride/data/archive/2014/05/PXD000865/00704_C05_P005215_B0K_A00_R2.raw	1	14	AC=MS:1002038;NT=label free sample	NT=Lys-C;AC=MS:1001309	NT=LTQ Orbitrap Elite;AC=MS:1001910	NT=Carbamidomethyl;AC=UNIMOD:4;TA=C;MT=Fixed	NT=Oxidation;AC=UNIMOD:35;MT=Variable;TA=M	NT=Acetyl;AC=UNIMOD:1;PP=Protein N-term;MT=variable	"NT=Deamidated;MT=Variable;TA=N,Q;AC=UNIMOD:7"	NT=HCD;AC=PRIDE:0000590	30% NCE	20 ppm	0.05 Da	Spleen
PXD000865-Sample-33	Homo sapiens	Spleen	not applicable	not applicable	not available	normal	not available	not available	not available	1	tissue	run 734	proteomic profiling by mass spectrometry	00704_B05_P005215_B0J_A00_R2.raw	ftp://ftp.pride.ebi.ac.uk/pride/data/archive/2014/05/PXD000865/00704_B05_P005215_B0J_A00_R2.raw	1	15	AC=MS:1002038;NT=label free sample	NT=Lys-C;AC=MS:1001309	NT=LTQ Orbitrap Elite;AC=MS:1001910	NT=Carbamidomethyl;AC=UNIMOD:4;TA=C;MT=Fixed	NT=Oxidation;AC=UNIMOD:35;MT=Variable;TA=M	NT=Acetyl;AC=UNIMOD:1;PP=Protein N-term;MT=variable	"NT=Deamidated;MT=Variable;TA=N,Q;AC=UNIMOD:7"	NT=HCD;AC=PRIDE:0000590	30% NCE	20 ppm	0.05 Da	Spleen
PXD000865-Sample-33	Homo sapiens	Spleen	not applicable	not applicable	not available	normal	not available	not available	not available	1	tissue	run 735	proteomic profiling by mass spectrometry	00704_A05_P005215_B0I_A00_R2.raw	ftp://ftp.pride.ebi.ac.uk/pride/data/archive/2014/05/PXD000865/00704_A05_P005215_B0I_A00_R2.raw	1	16	AC=MS:1002038;NT=label free sample	NT=Lys-C;AC=MS:1001309	NT=LTQ Orbitrap Elite;AC=MS:1001910	NT=Carbamidomethyl;AC=UNIMOD:4;TA=C;MT=Fixed	NT=Oxidation;AC=UNIMOD:35;MT=Variable;TA=M	NT=Acetyl;AC=UNIMOD:1;PP=Protein N-term;MT=variable	"NT=Deamidated;MT=Variable;TA=N,Q;AC=UNIMOD:7"	NT=HCD;AC=PRIDE:0000590	30% NCE	20 ppm	0.05 Da	Spleen
PXD000865-Sample-33	Homo sapiens	Spleen	not applicable	not applicable	not available	normal	not available	not available	not available	1	tissue	run 736	proteomic profiling by mass spectrometry	00704_H04_P005215_B0H_A00_R2.raw	ftp://ftp.pride.ebi.ac.uk/pride/data/archive/2014/05/PXD000865/00704_H04_P005215_B0H_A00_R2.raw	1	17	AC=MS:1002038;NT=label free sample	NT=Lys-C;AC=MS:1001309	NT=LTQ Orbitrap Elite;AC=MS:1001910	NT=Carbamidomethyl;AC=UNIMOD:4;TA=C;MT=Fixed	NT=Oxidation;AC=UNIMOD:35;MT=Variable;TA=M	NT=Acetyl;AC=UNIMOD:1;PP=Protein N-term;MT=variable	"NT=Deamidated;MT=Variable;TA=N,Q;AC=UNIMOD:7"	NT=HCD;AC=PRIDE:0000590	30% NCE	20 ppm	0.05 Da	Spleen
PXD000865-Sample-33	Homo sapiens	Spleen	not applicable	not applicable	not available	normal	not available	not available	not available	1	tissue	run 737	proteomic profiling by mass spectrometry	00704_G04_P005215_B0G_A00_R2.raw	ftp://ftp.pride.ebi.ac.uk/pride/data/archive/2014/05/PXD000865/00704_G04_P005215_B0G_A00_R2.raw	1	18	AC=MS:1002038;NT=label free sample	NT=Lys-C;AC=MS:1001309	NT=LTQ Orbitrap Elite;AC=MS:1001910	NT=Carbamidomethyl;AC=UNIMOD:4;TA=C;MT=Fixed	NT=Oxidation;AC=UNIMOD:35;MT=Variable;TA=M	NT=Acetyl;AC=UNIMOD:1;PP=Protein N-term;MT=variable	"NT=Deamidated;MT=Variable;TA=N,Q;AC=UNIMOD:7"	NT=HCD;AC=PRIDE:0000590	30% NCE	20 ppm	0.05 Da	Spleen
PXD000865-Sample-33	Homo sapiens	Spleen	not applicable	not applicable	not available	normal	not available	not available	not available	1	tissue	run 738	proteomic profiling by mass spectrometry	00704_F04_P005215_B0F_A00_R2.raw	ftp://ftp.pride.ebi.ac.uk/pride/data/archive/2014/05/PXD000865/00704_F04_P005215_B0F_A00_R2.raw	1	19	AC=MS:1002038;NT=label free sample	NT=Lys-C;AC=MS:1001309	NT=LTQ Orbitrap Elite;AC=MS:1001910	NT=Carbamidomethyl;AC=UNIMOD:4;TA=C;MT=Fixed	NT=Oxidation;AC=UNIMOD:35;MT=Variable;TA=M	NT=Acetyl;AC=UNIMOD:1;PP=Protein N-term;MT=variable	"NT=Deamidated;MT=Variable;TA=N,Q;AC=UNIMOD:7"	NT=HCD;AC=PRIDE:0000590	30% NCE	20 ppm	0.05 Da	Spleen
PXD000865-Sample-33	Homo sapiens	Spleen	not applicable	not applicable	not available	normal	not available	not available	not available	1	tissue	run 739	proteomic profiling by mass spectrometry	00704_E04_P005215_B0E_A00_R2.raw	ftp://ftp.pride.ebi.ac.uk/pride/data/archive/2014/05/PXD000865/00704_E04_P005215_B0E_A00_R2.raw	1	20	AC=MS:1002038;NT=label free sample	NT=Lys-C;AC=MS:1001309	NT=LTQ Orbitrap Elite;AC=MS:1001910	NT=Carbamidomethyl;AC=UNIMOD:4;TA=C;MT=Fixed	NT=Oxidation;AC=UNIMOD:35;MT=Variable;TA=M	NT=Acetyl;AC=UNIMOD:1;PP=Protein N-term;MT=variable	"NT=Deamidated;MT=Variable;TA=N,Q;AC=UNIMOD:7"	NT=HCD;AC=PRIDE:0000590	30% NCE	20 ppm	0.05 Da	Spleen
PXD000865-Sample-33	Homo sapiens	Spleen	not applicable	not applicable	not available	normal	not available	not available	not available	1	tissue	run 740	proteomic profiling by mass spectrometry	00704_D04_P005215_B0D_A00_R2.raw	ftp://ftp.pride.ebi.ac.uk/pride/data/archive/2014/05/PXD000865/00704_D04_P005215_B0D_A00_R2.raw	1	21	AC=MS:1002038;NT=label free sample	NT=Lys-C;AC=MS:1001309	NT=LTQ Orbitrap Elite;AC=MS:1001910	NT=Carbamidomethyl;AC=UNIMOD:4;TA=C;MT=Fixed	NT=Oxidation;AC=UNIMOD:35;MT=Variable;TA=M	NT=Acetyl;AC=UNIMOD:1;PP=Protein N-term;MT=variable	"NT=Deamidated;MT=Variable;TA=N,Q;AC=UNIMOD:7"	NT=HCD;AC=PRIDE:0000590	30% NCE	20 ppm	0.05 Da	Spleen
PXD000865-Sample-33	Homo sapiens	Spleen	not applicable	not applicable	not available	normal	not available	not available	not available	1	tissue	run 741	proteomic profiling by mass spectrometry	00704_C04_P005215_B0C_A00_R2.raw	ftp://ftp.pride.ebi.ac.uk/pride/data/archive/2014/05/PXD000865/00704_C04_P005215_B0C_A00_R2.raw	1	22	AC=MS:1002038;NT=label free sample	NT=Lys-C;AC=MS:1001309	NT=LTQ Orbitrap Elite;AC=MS:1001910	NT=Carbamidomethyl;AC=UNIMOD:4;TA=C;MT=Fixed	NT=Oxidation;AC=UNIMOD:35;MT=Variable;TA=M	NT=Acetyl;AC=UNIMOD:1;PP=Protein N-term;MT=variable	"NT=Deamidated;MT=Variable;TA=N,Q;AC=UNIMOD:7"	NT=HCD;AC=PRIDE:0000590	30% NCE	20 ppm	0.05 Da	Spleen
PXD000865-Sample-33	Homo sapiens	Spleen	not applicable	not applicable	not available	normal	not available	not available	not available	1	tissue	run 742	proteomic profiling by mass spectrometry	00704_B04_P005215_B0B_A00_R2.raw	ftp://ftp.pride.ebi.ac.uk/pride/data/archive/2014/05/PXD000865/00704_B04_P005215_B0B_A00_R2.raw	1	23	AC=MS:1002038;NT=label free sample	NT=Lys-C;AC=MS:1001309	NT=LTQ Orbitrap Elite;AC=MS:1001910	NT=Carbamidomethyl;AC=UNIMOD:4;TA=C;MT=Fixed	NT=Oxidation;AC=UNIMOD:35;MT=Variable;TA=M	NT=Acetyl;AC=UNIMOD:1;PP=Protein N-term;MT=variable	"NT=Deamidated;MT=Variable;TA=N,Q;AC=UNIMOD:7"	NT=HCD;AC=PRIDE:0000590	30% NCE	20 ppm	0.05 Da	Spleen
PXD000865-Sample-33	Homo sapiens	Spleen	not applicable	not applicable	not available	normal	not available	not available	not available	1	tissue	run 743	proteomic profiling by mass spectrometry	00704_A04_P005215_B0A_A00_R2.raw	ftp://ftp.pride.ebi.ac.uk/pride/data/archive/2014/05/PXD000865/00704_A04_P005215_B0A_A00_R2.raw	1	24	AC=MS:1002038;NT=label free sample	NT=Lys-C;AC=MS:1001309	NT=LTQ Orbitrap Elite;AC=MS:1001910	NT=Carbamidomethyl;AC=UNIMOD:4;TA=C;MT=Fixed	NT=Oxidation;AC=UNIMOD:35;MT=Variable;TA=M	NT=Acetyl;AC=UNIMOD:1;PP=Protein N-term;MT=variable	"NT=Deamidated;MT=Variable;TA=N,Q;AC=UNIMOD:7"	NT=HCD;AC=PRIDE:0000590	30% NCE	20 ppm	0.05 Da	Spleen
PXD000865-Sample-34	Homo sapiens	Testis	not applicable	not applicable	not available	normal	not available	not available	not available	1	tissue	run 744	proteomic profiling by mass spectrometry	00704_A07_P005216_B0A_A00_R1.raw	ftp://ftp.pride.ebi.ac.uk/pride/data/archive/2014/05/PXD000865/00704_A07_P005216_B0A_A00_R1.raw	1	1	AC=MS:1002038;NT=label free sample	NT=Lys-C;AC=MS:1001309	NT=LTQ Orbitrap Elite;AC=MS:1001910	NT=Carbamidomethyl;AC=UNIMOD:4;TA=C;MT=Fixed	NT=Oxidation;AC=UNIMOD:35;MT=Variable;TA=M	NT=Acetyl;AC=UNIMOD:1;PP=Protein N-term;MT=variable	"NT=Deamidated;MT=Variable;TA=N,Q;AC=UNIMOD:7"	NT=HCD;AC=PRIDE:0000590	30% NCE	20 ppm	0.05 Da	Testis
PXD000865-Sample-34	Homo sapiens	Testis	not applicable	not applicable	not available	normal	not available	not available	not available	1	tissue	run 745	proteomic profiling by mass spectrometry	00704_A08_P005216_B0I_A00_R1.raw	ftp://ftp.pride.ebi.ac.uk/pride/data/archive/2014/05/PXD000865/00704_A08_P005216_B0I_A00_R1.raw	1	2	AC=MS:1002038;NT=label free sample	NT=Lys-C;AC=MS:1001309	NT=LTQ Orbitrap Elite;AC=MS:1001910	NT=Carbamidomethyl;AC=UNIMOD:4;TA=C;MT=Fixed	NT=Oxidation;AC=UNIMOD:35;MT=Variable;TA=M	NT=Acetyl;AC=UNIMOD:1;PP=Protein N-term;MT=variable	"NT=Deamidated;MT=Variable;TA=N,Q;AC=UNIMOD:7"	NT=HCD;AC=PRIDE:0000590	30% NCE	20 ppm	0.05 Da	Testis
PXD000865-Sample-34	Homo sapiens	Testis	not applicable	not applicable	not available	normal	not available	not available	not available	1	tissue	run 746	proteomic profiling by mass spectrometry	00704_A09_P005216_B0Q_A00_R1.raw	ftp://ftp.pride.ebi.ac.uk/pride/data/archive/2014/05/PXD000865/00704_A09_P005216_B0Q_A00_R1.raw	1	3	AC=MS:1002038;NT=label free sample	NT=Lys-C;AC=MS:1001309	NT=LTQ Orbitrap Elite;AC=MS:1001910	NT=Carbamidomethyl;AC=UNIMOD:4;TA=C;MT=Fixed	NT=Oxidation;AC=UNIMOD:35;MT=Variable;TA=M	NT=Acetyl;AC=UNIMOD:1;PP=Protein N-term;MT=variable	"NT=Deamidated;MT=Variable;TA=N,Q;AC=UNIMOD:7"	NT=HCD;AC=PRIDE:0000590	30% NCE	20 ppm	0.05 Da	Testis
PXD000865-Sample-34	Homo sapiens	Testis	not applicable	not applicable	not available	normal	not available	not available	not available	1	tissue	run 747	proteomic profiling by mass spectrometry	00704_B07_P005216_B0B_A00_R1.raw	ftp://ftp.pride.ebi.ac.uk/pride/data/archive/2014/05/PXD000865/00704_B07_P005216_B0B_A00_R1.raw	1	4	AC=MS:1002038;NT=label free sample	NT=Lys-C;AC=MS:1001309	NT=LTQ Orbitrap Elite;AC=MS:1001910	NT=Carbamidomethyl;AC=UNIMOD:4;TA=C;MT=Fixed	NT=Oxidation;AC=UNIMOD:35;MT=Variable;TA=M	NT=Acetyl;AC=UNIMOD:1;PP=Protein N-term;MT=variable	"NT=Deamidated;MT=Variable;TA=N,Q;AC=UNIMOD:7"	NT=HCD;AC=PRIDE:0000590	30% NCE	20 ppm	0.05 Da	Testis
PXD000865-Sample-34	Homo sapiens	Testis	not applicable	not applicable	not available	normal	not available	not available	not available	1	tissue	run 748	proteomic profiling by mass spectrometry	00704_B08_P005216_B0J_A00_R1.raw	ftp://ftp.pride.ebi.ac.uk/pride/data/archive/2014/05/PXD000865/00704_B08_P005216_B0J_A00_R1.raw	1	5	AC=MS:1002038;NT=label free sample	NT=Lys-C;AC=MS:1001309	NT=LTQ Orbitrap Elite;AC=MS:1001910	NT=Carbamidomethyl;AC=UNIMOD:4;TA=C;MT=Fixed	NT=Oxidation;AC=UNIMOD:35;MT=Variable;TA=M	NT=Acetyl;AC=UNIMOD:1;PP=Protein N-term;MT=variable	"NT=Deamidated;MT=Variable;TA=N,Q;AC=UNIMOD:7"	NT=HCD;AC=PRIDE:0000590	30% NCE	20 ppm	0.05 Da	Testis
PXD000865-Sample-34	Homo sapiens	Testis	not applicable	not applicable	not available	normal	not available	not available	not available	1	tissue	run 749	proteomic profiling by mass spectrometry	00704_B09_P005216_B0R_A00_R1.raw	ftp://ftp.pride.ebi.ac.uk/pride/data/archive/2014/05/PXD000865/00704_B09_P005216_B0R_A00_R1.raw	1	6	AC=MS:1002038;NT=label free sample	NT=Lys-C;AC=MS:1001309	NT=LTQ Orbitrap Elite;AC=MS:1001910	NT=Carbamidomethyl;AC=UNIMOD:4;TA=C;MT=Fixed	NT=Oxidation;AC=UNIMOD:35;MT=Variable;TA=M	NT=Acetyl;AC=UNIMOD:1;PP=Protein N-term;MT=variable	"NT=Deamidated;MT=Variable;TA=N,Q;AC=UNIMOD:7"	NT=HCD;AC=PRIDE:0000590	30% NCE	20 ppm	0.05 Da	Testis
PXD000865-Sample-34	Homo sapiens	Testis	not applicable	not applicable	not available	normal	not available	not available	not available	1	tissue	run 750	proteomic profiling by mass spectrometry	00704_C07_P005216_B0C_A00_R1.raw	ftp://ftp.pride.ebi.ac.uk/pride/data/archive/2014/05/PXD000865/00704_C07_P005216_B0C_A00_R1.raw	1	7	AC=MS:1002038;NT=label free sample	NT=Lys-C;AC=MS:1001309	NT=LTQ Orbitrap Elite;AC=MS:1001910	NT=Carbamidomethyl;AC=UNIMOD:4;TA=C;MT=Fixed	NT=Oxidation;AC=UNIMOD:35;MT=Variable;TA=M	NT=Acetyl;AC=UNIMOD:1;PP=Protein N-term;MT=variable	"NT=Deamidated;MT=Variable;TA=N,Q;AC=UNIMOD:7"	NT=HCD;AC=PRIDE:0000590	30% NCE	20 ppm	0.05 Da	Testis
PXD000865-Sample-34	Homo sapiens	Testis	not applicable	not applicable	not available	normal	not available	not available	not available	1	tissue	run 751	proteomic profiling by mass spectrometry	00704_C08_P005216_B0K_A00_R1.raw	ftp://ftp.pride.ebi.ac.uk/pride/data/archive/2014/05/PXD000865/00704_C08_P005216_B0K_A00_R1.raw	1	8	AC=MS:1002038;NT=label free sample	NT=Lys-C;AC=MS:1001309	NT=LTQ Orbitrap Elite;AC=MS:1001910	NT=Carbamidomethyl;AC=UNIMOD:4;TA=C;MT=Fixed	NT=Oxidation;AC=UNIMOD:35;MT=Variable;TA=M	NT=Acetyl;AC=UNIMOD:1;PP=Protein N-term;MT=variable	"NT=Deamidated;MT=Variable;TA=N,Q;AC=UNIMOD:7"	NT=HCD;AC=PRIDE:0000590	30% NCE	20 ppm	0.05 Da	Testis
PXD000865-Sample-34	Homo sapiens	Testis	not applicable	not applicable	not available	normal	not available	not available	not available	1	tissue	run 752	proteomic profiling by mass spectrometry	00704_C09_P005216_B0S_A00_R1.raw	ftp://ftp.pride.ebi.ac.uk/pride/data/archive/2014/05/PXD000865/00704_C09_P005216_B0S_A00_R1.raw	1	9	AC=MS:1002038;NT=label free sample	NT=Lys-C;AC=MS:1001309	NT=LTQ Orbitrap Elite;AC=MS:1001910	NT=Carbamidomethyl;AC=UNIMOD:4;TA=C;MT=Fixed	NT=Oxidation;AC=UNIMOD:35;MT=Variable;TA=M	NT=Acetyl;AC=UNIMOD:1;PP=Protein N-term;MT=variable	"NT=Deamidated;MT=Variable;TA=N,Q;AC=UNIMOD:7"	NT=HCD;AC=PRIDE:0000590	30% NCE	20 ppm	0.05 Da	Testis
PXD000865-Sample-34	Homo sapiens	Testis	not applicable	not applicable	not available	normal	not available	not available	not available	1	tissue	run 753	proteomic profiling by mass spectrometry	00704_D07_P005216_B0D_A00_R1.raw	ftp://ftp.pride.ebi.ac.uk/pride/data/archive/2014/05/PXD000865/00704_D07_P005216_B0D_A00_R1.raw	1	10	AC=MS:1002038;NT=label free sample	NT=Lys-C;AC=MS:1001309	NT=LTQ Orbitrap Elite;AC=MS:1001910	NT=Carbamidomethyl;AC=UNIMOD:4;TA=C;MT=Fixed	NT=Oxidation;AC=UNIMOD:35;MT=Variable;TA=M	NT=Acetyl;AC=UNIMOD:1;PP=Protein N-term;MT=variable	"NT=Deamidated;MT=Variable;TA=N,Q;AC=UNIMOD:7"	NT=HCD;AC=PRIDE:0000590	30% NCE	20 ppm	0.05 Da	Testis
PXD000865-Sample-34	Homo sapiens	Testis	not applicable	not applicable	not available	normal	not available	not available	not available	1	tissue	run 754	proteomic profiling by mass spectrometry	00704_D08_P005216_B0L_A00_R1.raw	ftp://ftp.pride.ebi.ac.uk/pride/data/archive/2014/05/PXD000865/00704_D08_P005216_B0L_A00_R1.raw	1	11	AC=MS:1002038;NT=label free sample	NT=Lys-C;AC=MS:1001309	NT=LTQ Orbitrap Elite;AC=MS:1001910	NT=Carbamidomethyl;AC=UNIMOD:4;TA=C;MT=Fixed	NT=Oxidation;AC=UNIMOD:35;MT=Variable;TA=M	NT=Acetyl;AC=UNIMOD:1;PP=Protein N-term;MT=variable	"NT=Deamidated;MT=Variable;TA=N,Q;AC=UNIMOD:7"	NT=HCD;AC=PRIDE:0000590	30% NCE	20 ppm	0.05 Da	Testis
PXD000865-Sample-34	Homo sapiens	Testis	not applicable	not applicable	not available	normal	not available	not available	not available	1	tissue	run 755	proteomic profiling by mass spectrometry	00704_D09_P005216_B0T_A00_R1.raw	ftp://ftp.pride.ebi.ac.uk/pride/data/archive/2014/05/PXD000865/00704_D09_P005216_B0T_A00_R1.raw	1	12	AC=MS:1002038;NT=label free sample	NT=Lys-C;AC=MS:1001309	NT=LTQ Orbitrap Elite;AC=MS:1001910	NT=Carbamidomethyl;AC=UNIMOD:4;TA=C;MT=Fixed	NT=Oxidation;AC=UNIMOD:35;MT=Variable;TA=M	NT=Acetyl;AC=UNIMOD:1;PP=Protein N-term;MT=variable	"NT=Deamidated;MT=Variable;TA=N,Q;AC=UNIMOD:7"	NT=HCD;AC=PRIDE:0000590	30% NCE	20 ppm	0.05 Da	Testis
PXD000865-Sample-34	Homo sapiens	Testis	not applicable	not applicable	not available	normal	not available	not available	not available	1	tissue	run 756	proteomic profiling by mass spectrometry	00704_E07_P005216_B0E_A00_R1.raw	ftp://ftp.pride.ebi.ac.uk/pride/data/archive/2014/05/PXD000865/00704_E07_P005216_B0E_A00_R1.raw	1	13	AC=MS:1002038;NT=label free sample	NT=Lys-C;AC=MS:1001309	NT=LTQ Orbitrap Elite;AC=MS:1001910	NT=Carbamidomethyl;AC=UNIMOD:4;TA=C;MT=Fixed	NT=Oxidation;AC=UNIMOD:35;MT=Variable;TA=M	NT=Acetyl;AC=UNIMOD:1;PP=Protein N-term;MT=variable	"NT=Deamidated;MT=Variable;TA=N,Q;AC=UNIMOD:7"	NT=HCD;AC=PRIDE:0000590	30% NCE	20 ppm	0.05 Da	Testis
PXD000865-Sample-34	Homo sapiens	Testis	not applicable	not applicable	not available	normal	not available	not available	not available	1	tissue	run 757	proteomic profiling by mass spectrometry	00704_E08_P005216_B0M_A00_R1.raw	ftp://ftp.pride.ebi.ac.uk/pride/data/archive/2014/05/PXD000865/00704_E08_P005216_B0M_A00_R1.raw	1	14	AC=MS:1002038;NT=label free sample	NT=Lys-C;AC=MS:1001309	NT=LTQ Orbitrap Elite;AC=MS:1001910	NT=Carbamidomethyl;AC=UNIMOD:4;TA=C;MT=Fixed	NT=Oxidation;AC=UNIMOD:35;MT=Variable;TA=M	NT=Acetyl;AC=UNIMOD:1;PP=Protein N-term;MT=variable	"NT=Deamidated;MT=Variable;TA=N,Q;AC=UNIMOD:7"	NT=HCD;AC=PRIDE:0000590	30% NCE	20 ppm	0.05 Da	Testis
PXD000865-Sample-34	Homo sapiens	Testis	not applicable	not applicable	not available	normal	not available	not available	not available	1	tissue	run 758	proteomic profiling by mass spectrometry	00704_E09_P005216_B0U_A00_R1.raw	ftp://ftp.pride.ebi.ac.uk/pride/data/archive/2014/05/PXD000865/00704_E09_P005216_B0U_A00_R1.raw	1	15	AC=MS:1002038;NT=label free sample	NT=Lys-C;AC=MS:1001309	NT=LTQ Orbitrap Elite;AC=MS:1001910	NT=Carbamidomethyl;AC=UNIMOD:4;TA=C;MT=Fixed	NT=Oxidation;AC=UNIMOD:35;MT=Variable;TA=M	NT=Acetyl;AC=UNIMOD:1;PP=Protein N-term;MT=variable	"NT=Deamidated;MT=Variable;TA=N,Q;AC=UNIMOD:7"	NT=HCD;AC=PRIDE:0000590	30% NCE	20 ppm	0.05 Da	Testis
PXD000865-Sample-34	Homo sapiens	Testis	not applicable	not applicable	not available	normal	not available	not available	not available	1	tissue	run 759	proteomic profiling by mass spectrometry	00704_F07_P005216_B0F_A00_R1.raw	ftp://ftp.pride.ebi.ac.uk/pride/data/archive/2014/05/PXD000865/00704_F07_P005216_B0F_A00_R1.raw	1	16	AC=MS:1002038;NT=label free sample	NT=Lys-C;AC=MS:1001309	NT=LTQ Orbitrap Elite;AC=MS:1001910	NT=Carbamidomethyl;AC=UNIMOD:4;TA=C;MT=Fixed	NT=Oxidation;AC=UNIMOD:35;MT=Variable;TA=M	NT=Acetyl;AC=UNIMOD:1;PP=Protein N-term;MT=variable	"NT=Deamidated;MT=Variable;TA=N,Q;AC=UNIMOD:7"	NT=HCD;AC=PRIDE:0000590	30% NCE	20 ppm	0.05 Da	Testis
PXD000865-Sample-34	Homo sapiens	Testis	not applicable	not applicable	not available	normal	not available	not available	not available	1	tissue	run 760	proteomic profiling by mass spectrometry	00704_F08_P005216_B0N_A00_R1.raw	ftp://ftp.pride.ebi.ac.uk/pride/data/archive/2014/05/PXD000865/00704_F08_P005216_B0N_A00_R1.raw	1	17	AC=MS:1002038;NT=label free sample	NT=Lys-C;AC=MS:1001309	NT=LTQ Orbitrap Elite;AC=MS:1001910	NT=Carbamidomethyl;AC=UNIMOD:4;TA=C;MT=Fixed	NT=Oxidation;AC=UNIMOD:35;MT=Variable;TA=M	NT=Acetyl;AC=UNIMOD:1;PP=Protein N-term;MT=variable	"NT=Deamidated;MT=Variable;TA=N,Q;AC=UNIMOD:7"	NT=HCD;AC=PRIDE:0000590	30% NCE	20 ppm	0.05 Da	Testis
PXD000865-Sample-34	Homo sapiens	Testis	not applicable	not applicable	not available	normal	not available	not available	not available	1	tissue	run 761	proteomic profiling by mass spectrometry	00704_F09_P005216_B0V_A00_R1.raw	ftp://ftp.pride.ebi.ac.uk/pride/data/archive/2014/05/PXD000865/00704_F09_P005216_B0V_A00_R1.raw	1	18	AC=MS:1002038;NT=label free sample	NT=Lys-C;AC=MS:1001309	NT=LTQ Orbitrap Elite;AC=MS:1001910	NT=Carbamidomethyl;AC=UNIMOD:4;TA=C;MT=Fixed	NT=Oxidation;AC=UNIMOD:35;MT=Variable;TA=M	NT=Acetyl;AC=UNIMOD:1;PP=Protein N-term;MT=variable	"NT=Deamidated;MT=Variable;TA=N,Q;AC=UNIMOD:7"	NT=HCD;AC=PRIDE:0000590	30% NCE	20 ppm	0.05 Da	Testis
PXD000865-Sample-34	Homo sapiens	Testis	not applicable	not applicable	not available	normal	not available	not available	not available	1	tissue	run 762	proteomic profiling by mass spectrometry	00704_G07_P005216_B0G_A00_R1.raw	ftp://ftp.pride.ebi.ac.uk/pride/data/archive/2014/05/PXD000865/00704_G07_P005216_B0G_A00_R1.raw	1	19	AC=MS:1002038;NT=label free sample	NT=Lys-C;AC=MS:1001309	NT=LTQ Orbitrap Elite;AC=MS:1001910	NT=Carbamidomethyl;AC=UNIMOD:4;TA=C;MT=Fixed	NT=Oxidation;AC=UNIMOD:35;MT=Variable;TA=M	NT=Acetyl;AC=UNIMOD:1;PP=Protein N-term;MT=variable	"NT=Deamidated;MT=Variable;TA=N,Q;AC=UNIMOD:7"	NT=HCD;AC=PRIDE:0000590	30% NCE	20 ppm	0.05 Da	Testis
PXD000865-Sample-34	Homo sapiens	Testis	not applicable	not applicable	not available	normal	not available	not available	not available	1	tissue	run 763	proteomic profiling by mass spectrometry	00704_G08_P005216_B0O_A00_R1.raw	ftp://ftp.pride.ebi.ac.uk/pride/data/archive/2014/05/PXD000865/00704_G08_P005216_B0O_A00_R1.raw	1	20	AC=MS:1002038;NT=label free sample	NT=Lys-C;AC=MS:1001309	NT=LTQ Orbitrap Elite;AC=MS:1001910	NT=Carbamidomethyl;AC=UNIMOD:4;TA=C;MT=Fixed	NT=Oxidation;AC=UNIMOD:35;MT=Variable;TA=M	NT=Acetyl;AC=UNIMOD:1;PP=Protein N-term;MT=variable	"NT=Deamidated;MT=Variable;TA=N,Q;AC=UNIMOD:7"	NT=HCD;AC=PRIDE:0000590	30% NCE	20 ppm	0.05 Da	Testis
PXD000865-Sample-34	Homo sapiens	Testis	not applicable	not applicable	not available	normal	not available	not available	not available	1	tissue	run 764	proteomic profiling by mass spectrometry	00704_G09_P005216_B0W_A00_R1.raw	ftp://ftp.pride.ebi.ac.uk/pride/data/archive/2014/05/PXD000865/00704_G09_P005216_B0W_A00_R1.raw	1	21	AC=MS:1002038;NT=label free sample	NT=Lys-C;AC=MS:1001309	NT=LTQ Orbitrap Elite;AC=MS:1001910	NT=Carbamidomethyl;AC=UNIMOD:4;TA=C;MT=Fixed	NT=Oxidation;AC=UNIMOD:35;MT=Variable;TA=M	NT=Acetyl;AC=UNIMOD:1;PP=Protein N-term;MT=variable	"NT=Deamidated;MT=Variable;TA=N,Q;AC=UNIMOD:7"	NT=HCD;AC=PRIDE:0000590	30% NCE	20 ppm	0.05 Da	Testis
PXD000865-Sample-34	Homo sapiens	Testis	not applicable	not applicable	not available	normal	not available	not available	not available	1	tissue	run 765	proteomic profiling by mass spectrometry	00704_H07_P005216_B0H_A00_R1.raw	ftp://ftp.pride.ebi.ac.uk/pride/data/archive/2014/05/PXD000865/00704_H07_P005216_B0H_A00_R1.raw	1	22	AC=MS:1002038;NT=label free sample	NT=Lys-C;AC=MS:1001309	NT=LTQ Orbitrap Elite;AC=MS:1001910	NT=Carbamidomethyl;AC=UNIMOD:4;TA=C;MT=Fixed	NT=Oxidation;AC=UNIMOD:35;MT=Variable;TA=M	NT=Acetyl;AC=UNIMOD:1;PP=Protein N-term;MT=variable	"NT=Deamidated;MT=Variable;TA=N,Q;AC=UNIMOD:7"	NT=HCD;AC=PRIDE:0000590	30% NCE	20 ppm	0.05 Da	Testis
PXD000865-Sample-34	Homo sapiens	Testis	not applicable	not applicable	not available	normal	not available	not available	not available	1	tissue	run 766	proteomic profiling by mass spectrometry	00704_H08_P005216_B0P_A00_R1.raw	ftp://ftp.pride.ebi.ac.uk/pride/data/archive/2014/05/PXD000865/00704_H08_P005216_B0P_A00_R1.raw	1	23	AC=MS:1002038;NT=label free sample	NT=Lys-C;AC=MS:1001309	NT=LTQ Orbitrap Elite;AC=MS:1001910	NT=Carbamidomethyl;AC=UNIMOD:4;TA=C;MT=Fixed	NT=Oxidation;AC=UNIMOD:35;MT=Variable;TA=M	NT=Acetyl;AC=UNIMOD:1;PP=Protein N-term;MT=variable	"NT=Deamidated;MT=Variable;TA=N,Q;AC=UNIMOD:7"	NT=HCD;AC=PRIDE:0000590	30% NCE	20 ppm	0.05 Da	Testis
PXD000865-Sample-34	Homo sapiens	Testis	not applicable	not applicable	not available	normal	not available	not available	not available	1	tissue	run 767	proteomic profiling by mass spectrometry	00704_H09_P005216_B0x_A00_R1.raw	ftp://ftp.pride.ebi.ac.uk/pride/data/archive/2014/05/PXD000865/00704_H09_P005216_B0x_A00_R1.raw	1	24	AC=MS:1002038;NT=label free sample	NT=Lys-C;AC=MS:1001309	NT=LTQ Orbitrap Elite;AC=MS:1001910	NT=Carbamidomethyl;AC=UNIMOD:4;TA=C;MT=Fixed	NT=Oxidation;AC=UNIMOD:35;MT=Variable;TA=M	NT=Acetyl;AC=UNIMOD:1;PP=Protein N-term;MT=variable	"NT=Deamidated;MT=Variable;TA=N,Q;AC=UNIMOD:7"	NT=HCD;AC=PRIDE:0000590	30% NCE	20 ppm	0.05 Da	Testis
PXD000865-Sample-35	Homo sapiens	Ovary	not applicable	not applicable	not available	normal	not available	not available	not available	1	tissue	run 768	proteomic profiling by mass spectrometry	00705_A01_P005217_B0A_A00_R1.raw	ftp://ftp.pride.ebi.ac.uk/pride/data/archive/2014/05/PXD000865/00705_A01_P005217_B0A_A00_R1.raw	1	1	AC=MS:1002038;NT=label free sample	NT=Lys-C;AC=MS:1001309	NT=LTQ Orbitrap Elite;AC=MS:1001910	NT=Carbamidomethyl;AC=UNIMOD:4;TA=C;MT=Fixed	NT=Oxidation;AC=UNIMOD:35;MT=Variable;TA=M	NT=Acetyl;AC=UNIMOD:1;PP=Protein N-term;MT=variable	"NT=Deamidated;MT=Variable;TA=N,Q;AC=UNIMOD:7"	NT=HCD;AC=PRIDE:0000590	30% NCE	20 ppm	0.05 Da	Ovary
PXD000865-Sample-35	Homo sapiens	Ovary	not applicable	not applicable	not available	normal	not available	not available	not available	1	tissue	run 769	proteomic profiling by mass spectrometry	00705_A02_P005217_B0I_A00_R1.raw	ftp://ftp.pride.ebi.ac.uk/pride/data/archive/2014/05/PXD000865/00705_A02_P005217_B0I_A00_R1.raw	1	2	AC=MS:1002038;NT=label free sample	NT=Lys-C;AC=MS:1001309	NT=LTQ Orbitrap Elite;AC=MS:1001910	NT=Carbamidomethyl;AC=UNIMOD:4;TA=C;MT=Fixed	NT=Oxidation;AC=UNIMOD:35;MT=Variable;TA=M	NT=Acetyl;AC=UNIMOD:1;PP=Protein N-term;MT=variable	"NT=Deamidated;MT=Variable;TA=N,Q;AC=UNIMOD:7"	NT=HCD;AC=PRIDE:0000590	30% NCE	20 ppm	0.05 Da	Ovary
PXD000865-Sample-35	Homo sapiens	Ovary	not applicable	not applicable	not available	normal	not available	not available	not available	1	tissue	run 770	proteomic profiling by mass spectrometry	00705_A03_P005217_B0Q_A00_R2.raw	ftp://ftp.pride.ebi.ac.uk/pride/data/archive/2014/05/PXD000865/00705_A03_P005217_B0Q_A00_R2.raw	1	3	AC=MS:1002038;NT=label free sample	NT=Lys-C;AC=MS:1001309	NT=LTQ Orbitrap Elite;AC=MS:1001910	NT=Carbamidomethyl;AC=UNIMOD:4;TA=C;MT=Fixed	NT=Oxidation;AC=UNIMOD:35;MT=Variable;TA=M	NT=Acetyl;AC=UNIMOD:1;PP=Protein N-term;MT=variable	"NT=Deamidated;MT=Variable;TA=N,Q;AC=UNIMOD:7"	NT=HCD;AC=PRIDE:0000590	30% NCE	20 ppm	0.05 Da	Ovary
PXD000865-Sample-35	Homo sapiens	Ovary	not applicable	not applicable	not available	normal	not available	not available	not available	1	tissue	run 771	proteomic profiling by mass spectrometry	00705_B01_P005217_B0B_A00_R1.raw	ftp://ftp.pride.ebi.ac.uk/pride/data/archive/2014/05/PXD000865/00705_B01_P005217_B0B_A00_R1.raw	1	4	AC=MS:1002038;NT=label free sample	NT=Lys-C;AC=MS:1001309	NT=LTQ Orbitrap Elite;AC=MS:1001910	NT=Carbamidomethyl;AC=UNIMOD:4;TA=C;MT=Fixed	NT=Oxidation;AC=UNIMOD:35;MT=Variable;TA=M	NT=Acetyl;AC=UNIMOD:1;PP=Protein N-term;MT=variable	"NT=Deamidated;MT=Variable;TA=N,Q;AC=UNIMOD:7"	NT=HCD;AC=PRIDE:0000590	30% NCE	20 ppm	0.05 Da	Ovary
PXD000865-Sample-35	Homo sapiens	Ovary	not applicable	not applicable	not available	normal	not available	not available	not available	1	tissue	run 772	proteomic profiling by mass spectrometry	00705_B02_P005217_B0J_A00_R1.raw	ftp://ftp.pride.ebi.ac.uk/pride/data/archive/2014/05/PXD000865/00705_B02_P005217_B0J_A00_R1.raw	1	5	AC=MS:1002038;NT=label free sample	NT=Lys-C;AC=MS:1001309	NT=LTQ Orbitrap Elite;AC=MS:1001910	NT=Carbamidomethyl;AC=UNIMOD:4;TA=C;MT=Fixed	NT=Oxidation;AC=UNIMOD:35;MT=Variable;TA=M	NT=Acetyl;AC=UNIMOD:1;PP=Protein N-term;MT=variable	"NT=Deamidated;MT=Variable;TA=N,Q;AC=UNIMOD:7"	NT=HCD;AC=PRIDE:0000590	30% NCE	20 ppm	0.05 Da	Ovary
PXD000865-Sample-35	Homo sapiens	Ovary	not applicable	not applicable	not available	normal	not available	not available	not available	1	tissue	run 773	proteomic profiling by mass spectrometry	00705_B03_P005217_B0R_A00_R2.raw	ftp://ftp.pride.ebi.ac.uk/pride/data/archive/2014/05/PXD000865/00705_B03_P005217_B0R_A00_R2.raw	1	6	AC=MS:1002038;NT=label free sample	NT=Lys-C;AC=MS:1001309	NT=LTQ Orbitrap Elite;AC=MS:1001910	NT=Carbamidomethyl;AC=UNIMOD:4;TA=C;MT=Fixed	NT=Oxidation;AC=UNIMOD:35;MT=Variable;TA=M	NT=Acetyl;AC=UNIMOD:1;PP=Protein N-term;MT=variable	"NT=Deamidated;MT=Variable;TA=N,Q;AC=UNIMOD:7"	NT=HCD;AC=PRIDE:0000590	30% NCE	20 ppm	0.05 Da	Ovary
PXD000865-Sample-35	Homo sapiens	Ovary	not applicable	not applicable	not available	normal	not available	not available	not available	1	tissue	run 774	proteomic profiling by mass spectrometry	00705_C01_P005217_B0C_A00_R1.raw	ftp://ftp.pride.ebi.ac.uk/pride/data/archive/2014/05/PXD000865/00705_C01_P005217_B0C_A00_R1.raw	1	7	AC=MS:1002038;NT=label free sample	NT=Lys-C;AC=MS:1001309	NT=LTQ Orbitrap Elite;AC=MS:1001910	NT=Carbamidomethyl;AC=UNIMOD:4;TA=C;MT=Fixed	NT=Oxidation;AC=UNIMOD:35;MT=Variable;TA=M	NT=Acetyl;AC=UNIMOD:1;PP=Protein N-term;MT=variable	"NT=Deamidated;MT=Variable;TA=N,Q;AC=UNIMOD:7"	NT=HCD;AC=PRIDE:0000590	30% NCE	20 ppm	0.05 Da	Ovary
PXD000865-Sample-35	Homo sapiens	Ovary	not applicable	not applicable	not available	normal	not available	not available	not available	1	tissue	run 775	proteomic profiling by mass spectrometry	00705_C02_P005217_B0K_A00_R1.raw	ftp://ftp.pride.ebi.ac.uk/pride/data/archive/2014/05/PXD000865/00705_C02_P005217_B0K_A00_R1.raw	1	8	AC=MS:1002038;NT=label free sample	NT=Lys-C;AC=MS:1001309	NT=LTQ Orbitrap Elite;AC=MS:1001910	NT=Carbamidomethyl;AC=UNIMOD:4;TA=C;MT=Fixed	NT=Oxidation;AC=UNIMOD:35;MT=Variable;TA=M	NT=Acetyl;AC=UNIMOD:1;PP=Protein N-term;MT=variable	"NT=Deamidated;MT=Variable;TA=N,Q;AC=UNIMOD:7"	NT=HCD;AC=PRIDE:0000590	30% NCE	20 ppm	0.05 Da	Ovary
PXD000865-Sample-35	Homo sapiens	Ovary	not applicable	not applicable	not available	normal	not available	not available	not available	1	tissue	run 776	proteomic profiling by mass spectrometry	00705_C03_P005217_B0S_A00_R2.raw	ftp://ftp.pride.ebi.ac.uk/pride/data/archive/2014/05/PXD000865/00705_C03_P005217_B0S_A00_R2.raw	1	9	AC=MS:1002038;NT=label free sample	NT=Lys-C;AC=MS:1001309	NT=LTQ Orbitrap Elite;AC=MS:1001910	NT=Carbamidomethyl;AC=UNIMOD:4;TA=C;MT=Fixed	NT=Oxidation;AC=UNIMOD:35;MT=Variable;TA=M	NT=Acetyl;AC=UNIMOD:1;PP=Protein N-term;MT=variable	"NT=Deamidated;MT=Variable;TA=N,Q;AC=UNIMOD:7"	NT=HCD;AC=PRIDE:0000590	30% NCE	20 ppm	0.05 Da	Ovary
PXD000865-Sample-35	Homo sapiens	Ovary	not applicable	not applicable	not available	normal	not available	not available	not available	1	tissue	run 777	proteomic profiling by mass spectrometry	00705_D01_P005217_B0D_A00_R1.raw	ftp://ftp.pride.ebi.ac.uk/pride/data/archive/2014/05/PXD000865/00705_D01_P005217_B0D_A00_R1.raw	1	10	AC=MS:1002038;NT=label free sample	NT=Lys-C;AC=MS:1001309	NT=LTQ Orbitrap Elite;AC=MS:1001910	NT=Carbamidomethyl;AC=UNIMOD:4;TA=C;MT=Fixed	NT=Oxidation;AC=UNIMOD:35;MT=Variable;TA=M	NT=Acetyl;AC=UNIMOD:1;PP=Protein N-term;MT=variable	"NT=Deamidated;MT=Variable;TA=N,Q;AC=UNIMOD:7"	NT=HCD;AC=PRIDE:0000590	30% NCE	20 ppm	0.05 Da	Ovary
PXD000865-Sample-35	Homo sapiens	Ovary	not applicable	not applicable	not available	normal	not available	not available	not available	1	tissue	run 778	proteomic profiling by mass spectrometry	00705_D02_P005217_B0L_A00_R1.raw	ftp://ftp.pride.ebi.ac.uk/pride/data/archive/2014/05/PXD000865/00705_D02_P005217_B0L_A00_R1.raw	1	11	AC=MS:1002038;NT=label free sample	NT=Lys-C;AC=MS:1001309	NT=LTQ Orbitrap Elite;AC=MS:1001910	NT=Carbamidomethyl;AC=UNIMOD:4;TA=C;MT=Fixed	NT=Oxidation;AC=UNIMOD:35;MT=Variable;TA=M	NT=Acetyl;AC=UNIMOD:1;PP=Protein N-term;MT=variable	"NT=Deamidated;MT=Variable;TA=N,Q;AC=UNIMOD:7"	NT=HCD;AC=PRIDE:0000590	30% NCE	20 ppm	0.05 Da	Ovary
PXD000865-Sample-35	Homo sapiens	Ovary	not applicable	not applicable	not available	normal	not available	not available	not available	1	tissue	run 779	proteomic profiling by mass spectrometry	00705_D03_P005217_B0T_A00_R2.raw	ftp://ftp.pride.ebi.ac.uk/pride/data/archive/2014/05/PXD000865/00705_D03_P005217_B0T_A00_R2.raw	1	12	AC=MS:1002038;NT=label free sample	NT=Lys-C;AC=MS:1001309	NT=LTQ Orbitrap Elite;AC=MS:1001910	NT=Carbamidomethyl;AC=UNIMOD:4;TA=C;MT=Fixed	NT=Oxidation;AC=UNIMOD:35;MT=Variable;TA=M	NT=Acetyl;AC=UNIMOD:1;PP=Protein N-term;MT=variable	"NT=Deamidated;MT=Variable;TA=N,Q;AC=UNIMOD:7"	NT=HCD;AC=PRIDE:0000590	30% NCE	20 ppm	0.05 Da	Ovary
PXD000865-Sample-35	Homo sapiens	Ovary	not applicable	not applicable	not available	normal	not available	not available	not available	1	tissue	run 780	proteomic profiling by mass spectrometry	00705_E01_P005217_B0E_A00_R1.raw	ftp://ftp.pride.ebi.ac.uk/pride/data/archive/2014/05/PXD000865/00705_E01_P005217_B0E_A00_R1.raw	1	13	AC=MS:1002038;NT=label free sample	NT=Lys-C;AC=MS:1001309	NT=LTQ Orbitrap Elite;AC=MS:1001910	NT=Carbamidomethyl;AC=UNIMOD:4;TA=C;MT=Fixed	NT=Oxidation;AC=UNIMOD:35;MT=Variable;TA=M	NT=Acetyl;AC=UNIMOD:1;PP=Protein N-term;MT=variable	"NT=Deamidated;MT=Variable;TA=N,Q;AC=UNIMOD:7"	NT=HCD;AC=PRIDE:0000590	30% NCE	20 ppm	0.05 Da	Ovary
PXD000865-Sample-35	Homo sapiens	Ovary	not applicable	not applicable	not available	normal	not available	not available	not available	1	tissue	run 781	proteomic profiling by mass spectrometry	00705_E02_P005217_B0M_A00_R1.raw	ftp://ftp.pride.ebi.ac.uk/pride/data/archive/2014/05/PXD000865/00705_E02_P005217_B0M_A00_R1.raw	1	14	AC=MS:1002038;NT=label free sample	NT=Lys-C;AC=MS:1001309	NT=LTQ Orbitrap Elite;AC=MS:1001910	NT=Carbamidomethyl;AC=UNIMOD:4;TA=C;MT=Fixed	NT=Oxidation;AC=UNIMOD:35;MT=Variable;TA=M	NT=Acetyl;AC=UNIMOD:1;PP=Protein N-term;MT=variable	"NT=Deamidated;MT=Variable;TA=N,Q;AC=UNIMOD:7"	NT=HCD;AC=PRIDE:0000590	30% NCE	20 ppm	0.05 Da	Ovary
PXD000865-Sample-35	Homo sapiens	Ovary	not applicable	not applicable	not available	normal	not available	not available	not available	1	tissue	run 782	proteomic profiling by mass spectrometry	00705_E03_P005217_B0U_A00_R2.raw	ftp://ftp.pride.ebi.ac.uk/pride/data/archive/2014/05/PXD000865/00705_E03_P005217_B0U_A00_R2.raw	1	15	AC=MS:1002038;NT=label free sample	NT=Lys-C;AC=MS:1001309	NT=LTQ Orbitrap Elite;AC=MS:1001910	NT=Carbamidomethyl;AC=UNIMOD:4;TA=C;MT=Fixed	NT=Oxidation;AC=UNIMOD:35;MT=Variable;TA=M	NT=Acetyl;AC=UNIMOD:1;PP=Protein N-term;MT=variable	"NT=Deamidated;MT=Variable;TA=N,Q;AC=UNIMOD:7"	NT=HCD;AC=PRIDE:0000590	30% NCE	20 ppm	0.05 Da	Ovary
PXD000865-Sample-35	Homo sapiens	Ovary	not applicable	not applicable	not available	normal	not available	not available	not available	1	tissue	run 783	proteomic profiling by mass spectrometry	00705_F01_P005217_B0F_A00_R1.raw	ftp://ftp.pride.ebi.ac.uk/pride/data/archive/2014/05/PXD000865/00705_F01_P005217_B0F_A00_R1.raw	1	16	AC=MS:1002038;NT=label free sample	NT=Lys-C;AC=MS:1001309	NT=LTQ Orbitrap Elite;AC=MS:1001910	NT=Carbamidomethyl;AC=UNIMOD:4;TA=C;MT=Fixed	NT=Oxidation;AC=UNIMOD:35;MT=Variable;TA=M	NT=Acetyl;AC=UNIMOD:1;PP=Protein N-term;MT=variable	"NT=Deamidated;MT=Variable;TA=N,Q;AC=UNIMOD:7"	NT=HCD;AC=PRIDE:0000590	30% NCE	20 ppm	0.05 Da	Ovary
PXD000865-Sample-35	Homo sapiens	Ovary	not applicable	not applicable	not available	normal	not available	not available	not available	1	tissue	run 784	proteomic profiling by mass spectrometry	00705_F02_P005217_B0N_A00_R1.raw	ftp://ftp.pride.ebi.ac.uk/pride/data/archive/2014/05/PXD000865/00705_F02_P005217_B0N_A00_R1.raw	1	17	AC=MS:1002038;NT=label free sample	NT=Lys-C;AC=MS:1001309	NT=LTQ Orbitrap Elite;AC=MS:1001910	NT=Carbamidomethyl;AC=UNIMOD:4;TA=C;MT=Fixed	NT=Oxidation;AC=UNIMOD:35;MT=Variable;TA=M	NT=Acetyl;AC=UNIMOD:1;PP=Protein N-term;MT=variable	"NT=Deamidated;MT=Variable;TA=N,Q;AC=UNIMOD:7"	NT=HCD;AC=PRIDE:0000590	30% NCE	20 ppm	0.05 Da	Ovary
PXD000865-Sample-35	Homo sapiens	Ovary	not applicable	not applicable	not available	normal	not available	not available	not available	1	tissue	run 785	proteomic profiling by mass spectrometry	00705_F03_P005217_B0V_A00_R2.raw	ftp://ftp.pride.ebi.ac.uk/pride/data/archive/2014/05/PXD000865/00705_F03_P005217_B0V_A00_R2.raw	1	18	AC=MS:1002038;NT=label free sample	NT=Lys-C;AC=MS:1001309	NT=LTQ Orbitrap Elite;AC=MS:1001910	NT=Carbamidomethyl;AC=UNIMOD:4;TA=C;MT=Fixed	NT=Oxidation;AC=UNIMOD:35;MT=Variable;TA=M	NT=Acetyl;AC=UNIMOD:1;PP=Protein N-term;MT=variable	"NT=Deamidated;MT=Variable;TA=N,Q;AC=UNIMOD:7"	NT=HCD;AC=PRIDE:0000590	30% NCE	20 ppm	0.05 Da	Ovary
PXD000865-Sample-35	Homo sapiens	Ovary	not applicable	not applicable	not available	normal	not available	not available	not available	1	tissue	run 786	proteomic profiling by mass spectrometry	00705_G01_P005217_B0G_A00_R1.raw	ftp://ftp.pride.ebi.ac.uk/pride/data/archive/2014/05/PXD000865/00705_G01_P005217_B0G_A00_R1.raw	1	19	AC=MS:1002038;NT=label free sample	NT=Lys-C;AC=MS:1001309	NT=LTQ Orbitrap Elite;AC=MS:1001910	NT=Carbamidomethyl;AC=UNIMOD:4;TA=C;MT=Fixed	NT=Oxidation;AC=UNIMOD:35;MT=Variable;TA=M	NT=Acetyl;AC=UNIMOD:1;PP=Protein N-term;MT=variable	"NT=Deamidated;MT=Variable;TA=N,Q;AC=UNIMOD:7"	NT=HCD;AC=PRIDE:0000590	30% NCE	20 ppm	0.05 Da	Ovary
PXD000865-Sample-35	Homo sapiens	Ovary	not applicable	not applicable	not available	normal	not available	not available	not available	1	tissue	run 787	proteomic profiling by mass spectrometry	00705_G02_P005217_B0O_A00_R1.raw	ftp://ftp.pride.ebi.ac.uk/pride/data/archive/2014/05/PXD000865/00705_G02_P005217_B0O_A00_R1.raw	1	20	AC=MS:1002038;NT=label free sample	NT=Lys-C;AC=MS:1001309	NT=LTQ Orbitrap Elite;AC=MS:1001910	NT=Carbamidomethyl;AC=UNIMOD:4;TA=C;MT=Fixed	NT=Oxidation;AC=UNIMOD:35;MT=Variable;TA=M	NT=Acetyl;AC=UNIMOD:1;PP=Protein N-term;MT=variable	"NT=Deamidated;MT=Variable;TA=N,Q;AC=UNIMOD:7"	NT=HCD;AC=PRIDE:0000590	30% NCE	20 ppm	0.05 Da	Ovary
PXD000865-Sample-35	Homo sapiens	Ovary	not applicable	not applicable	not available	normal	not available	not available	not available	1	tissue	run 788	proteomic profiling by mass spectrometry	00705_G03_P005217_B0W_A00_R2.raw	ftp://ftp.pride.ebi.ac.uk/pride/data/archive/2014/05/PXD000865/00705_G03_P005217_B0W_A00_R2.raw	1	21	AC=MS:1002038;NT=label free sample	NT=Lys-C;AC=MS:1001309	NT=LTQ Orbitrap Elite;AC=MS:1001910	NT=Carbamidomethyl;AC=UNIMOD:4;TA=C;MT=Fixed	NT=Oxidation;AC=UNIMOD:35;MT=Variable;TA=M	NT=Acetyl;AC=UNIMOD:1;PP=Protein N-term;MT=variable	"NT=Deamidated;MT=Variable;TA=N,Q;AC=UNIMOD:7"	NT=HCD;AC=PRIDE:0000590	30% NCE	20 ppm	0.05 Da	Ovary
PXD000865-Sample-35	Homo sapiens	Ovary	not applicable	not applicable	not available	normal	not available	not available	not available	1	tissue	run 789	proteomic profiling by mass spectrometry	00705_H01_P005217_B0H_A00_R1.raw	ftp://ftp.pride.ebi.ac.uk/pride/data/archive/2014/05/PXD000865/00705_H01_P005217_B0H_A00_R1.raw	1	22	AC=MS:1002038;NT=label free sample	NT=Lys-C;AC=MS:1001309	NT=LTQ Orbitrap Elite;AC=MS:1001910	NT=Carbamidomethyl;AC=UNIMOD:4;TA=C;MT=Fixed	NT=Oxidation;AC=UNIMOD:35;MT=Variable;TA=M	NT=Acetyl;AC=UNIMOD:1;PP=Protein N-term;MT=variable	"NT=Deamidated;MT=Variable;TA=N,Q;AC=UNIMOD:7"	NT=HCD;AC=PRIDE:0000590	30% NCE	20 ppm	0.05 Da	Ovary
PXD000865-Sample-35	Homo sapiens	Ovary	not applicable	not applicable	not available	normal	not available	not available	not available	1	tissue	run 790	proteomic profiling by mass spectrometry	00705_H02_P005217_B0P_A00_R1.raw	ftp://ftp.pride.ebi.ac.uk/pride/data/archive/2014/05/PXD000865/00705_H02_P005217_B0P_A00_R1.raw	1	23	AC=MS:1002038;NT=label free sample	NT=Lys-C;AC=MS:1001309	NT=LTQ Orbitrap Elite;AC=MS:1001910	NT=Carbamidomethyl;AC=UNIMOD:4;TA=C;MT=Fixed	NT=Oxidation;AC=UNIMOD:35;MT=Variable;TA=M	NT=Acetyl;AC=UNIMOD:1;PP=Protein N-term;MT=variable	"NT=Deamidated;MT=Variable;TA=N,Q;AC=UNIMOD:7"	NT=HCD;AC=PRIDE:0000590	30% NCE	20 ppm	0.05 Da	Ovary
PXD000865-Sample-35	Homo sapiens	Ovary	not applicable	not applicable	not available	normal	not available	not available	not available	1	tissue	run 791	proteomic profiling by mass spectrometry	00705_H03_P005217_B0x_A00_R2.raw	ftp://ftp.pride.ebi.ac.uk/pride/data/archive/2014/05/PXD000865/00705_H03_P005217_B0x_A00_R2.raw	1	24	AC=MS:1002038;NT=label free sample	NT=Lys-C;AC=MS:1001309	NT=LTQ Orbitrap Elite;AC=MS:1001910	NT=Carbamidomethyl;AC=UNIMOD:4;TA=C;MT=Fixed	NT=Oxidation;AC=UNIMOD:35;MT=Variable;TA=M	NT=Acetyl;AC=UNIMOD:1;PP=Protein N-term;MT=variable	"NT=Deamidated;MT=Variable;TA=N,Q;AC=UNIMOD:7"	NT=HCD;AC=PRIDE:0000590	30% NCE	20 ppm	0.05 Da	Ovary
PXD000865-Sample-36	Homo sapiens	Prostate	not applicable	not applicable	not available	normal	not available	not available	not available	1	tissue	run 792	proteomic profiling by mass spectrometry	00705_A04_P005218_B0A_A00_R1.raw	ftp://ftp.pride.ebi.ac.uk/pride/data/archive/2014/05/PXD000865/00705_A04_P005218_B0A_A00_R1.raw	1	1	AC=MS:1002038;NT=label free sample	NT=Lys-C;AC=MS:1001309	NT=LTQ Orbitrap Elite;AC=MS:1001910	NT=Carbamidomethyl;AC=UNIMOD:4;TA=C;MT=Fixed	NT=Oxidation;AC=UNIMOD:35;MT=Variable;TA=M	NT=Acetyl;AC=UNIMOD:1;PP=Protein N-term;MT=variable	"NT=Deamidated;MT=Variable;TA=N,Q;AC=UNIMOD:7"	NT=CID;AC=PRIDE:0000591	35% NCE	20 ppm	0.05 Da	Prostate
PXD000865-Sample-36	Homo sapiens	Prostate	not applicable	not applicable	not available	normal	not available	not available	not available	1	tissue	run 793	proteomic profiling by mass spectrometry	00705_A05_P005218_B0I_A00_R1.raw	ftp://ftp.pride.ebi.ac.uk/pride/data/archive/2014/05/PXD000865/00705_A05_P005218_B0I_A00_R1.raw	1	2	AC=MS:1002038;NT=label free sample	NT=Lys-C;AC=MS:1001309	NT=LTQ Orbitrap Elite;AC=MS:1001910	NT=Carbamidomethyl;AC=UNIMOD:4;TA=C;MT=Fixed	NT=Oxidation;AC=UNIMOD:35;MT=Variable;TA=M	NT=Acetyl;AC=UNIMOD:1;PP=Protein N-term;MT=variable	"NT=Deamidated;MT=Variable;TA=N,Q;AC=UNIMOD:7"	NT=CID;AC=PRIDE:0000591	35% NCE	20 ppm	0.05 Da	Prostate
PXD000865-Sample-36	Homo sapiens	Prostate	not applicable	not applicable	not available	normal	not available	not available	not available	1	tissue	run 794	proteomic profiling by mass spectrometry	00705_A06_P005218_B0Q_A00_R1.raw	ftp://ftp.pride.ebi.ac.uk/pride/data/archive/2014/05/PXD000865/00705_A06_P005218_B0Q_A00_R1.raw	1	3	AC=MS:1002038;NT=label free sample	NT=Lys-C;AC=MS:1001309	NT=LTQ Orbitrap Elite;AC=MS:1001910	NT=Carbamidomethyl;AC=UNIMOD:4;TA=C;MT=Fixed	NT=Oxidation;AC=UNIMOD:35;MT=Variable;TA=M	NT=Acetyl;AC=UNIMOD:1;PP=Protein N-term;MT=variable	"NT=Deamidated;MT=Variable;TA=N,Q;AC=UNIMOD:7"	NT=CID;AC=PRIDE:0000591	35% NCE	20 ppm	0.05 Da	Prostate
PXD000865-Sample-36	Homo sapiens	Prostate	not applicable	not applicable	not available	normal	not available	not available	not available	1	tissue	run 795	proteomic profiling by mass spectrometry	00705_B04_P005218_B0B_A00_R1.raw	ftp://ftp.pride.ebi.ac.uk/pride/data/archive/2014/05/PXD000865/00705_B04_P005218_B0B_A00_R1.raw	1	4	AC=MS:1002038;NT=label free sample	NT=Lys-C;AC=MS:1001309	NT=LTQ Orbitrap Elite;AC=MS:1001910	NT=Carbamidomethyl;AC=UNIMOD:4;TA=C;MT=Fixed	NT=Oxidation;AC=UNIMOD:35;MT=Variable;TA=M	NT=Acetyl;AC=UNIMOD:1;PP=Protein N-term;MT=variable	"NT=Deamidated;MT=Variable;TA=N,Q;AC=UNIMOD:7"	NT=CID;AC=PRIDE:0000591	35% NCE	20 ppm	0.05 Da	Prostate
PXD000865-Sample-36	Homo sapiens	Prostate	not applicable	not applicable	not available	normal	not available	not available	not available	1	tissue	run 796	proteomic profiling by mass spectrometry	00705_B05_P005218_B0J_A00_R1.raw	ftp://ftp.pride.ebi.ac.uk/pride/data/archive/2014/05/PXD000865/00705_B05_P005218_B0J_A00_R1.raw	1	5	AC=MS:1002038;NT=label free sample	NT=Lys-C;AC=MS:1001309	NT=LTQ Orbitrap Elite;AC=MS:1001910	NT=Carbamidomethyl;AC=UNIMOD:4;TA=C;MT=Fixed	NT=Oxidation;AC=UNIMOD:35;MT=Variable;TA=M	NT=Acetyl;AC=UNIMOD:1;PP=Protein N-term;MT=variable	"NT=Deamidated;MT=Variable;TA=N,Q;AC=UNIMOD:7"	NT=CID;AC=PRIDE:0000591	35% NCE	20 ppm	0.05 Da	Prostate
PXD000865-Sample-36	Homo sapiens	Prostate	not applicable	not applicable	not available	normal	not available	not available	not available	1	tissue	run 797	proteomic profiling by mass spectrometry	00705_B06_P005218_B0R_A00_R1.raw	ftp://ftp.pride.ebi.ac.uk/pride/data/archive/2014/05/PXD000865/00705_B06_P005218_B0R_A00_R1.raw	1	6	AC=MS:1002038;NT=label free sample	NT=Lys-C;AC=MS:1001309	NT=LTQ Orbitrap Elite;AC=MS:1001910	NT=Carbamidomethyl;AC=UNIMOD:4;TA=C;MT=Fixed	NT=Oxidation;AC=UNIMOD:35;MT=Variable;TA=M	NT=Acetyl;AC=UNIMOD:1;PP=Protein N-term;MT=variable	"NT=Deamidated;MT=Variable;TA=N,Q;AC=UNIMOD:7"	NT=CID;AC=PRIDE:0000591	35% NCE	20 ppm	0.05 Da	Prostate
PXD000865-Sample-36	Homo sapiens	Prostate	not applicable	not applicable	not available	normal	not available	not available	not available	1	tissue	run 798	proteomic profiling by mass spectrometry	00705_C04_P005218_B0C_A00_R1.raw	ftp://ftp.pride.ebi.ac.uk/pride/data/archive/2014/05/PXD000865/00705_C04_P005218_B0C_A00_R1.raw	1	7	AC=MS:1002038;NT=label free sample	NT=Lys-C;AC=MS:1001309	NT=LTQ Orbitrap Elite;AC=MS:1001910	NT=Carbamidomethyl;AC=UNIMOD:4;TA=C;MT=Fixed	NT=Oxidation;AC=UNIMOD:35;MT=Variable;TA=M	NT=Acetyl;AC=UNIMOD:1;PP=Protein N-term;MT=variable	"NT=Deamidated;MT=Variable;TA=N,Q;AC=UNIMOD:7"	NT=CID;AC=PRIDE:0000591	35% NCE	20 ppm	0.05 Da	Prostate
PXD000865-Sample-36	Homo sapiens	Prostate	not applicable	not applicable	not available	normal	not available	not available	not available	1	tissue	run 799	proteomic profiling by mass spectrometry	00705_C05_P005218_B0K_A00_R1.raw	ftp://ftp.pride.ebi.ac.uk/pride/data/archive/2014/05/PXD000865/00705_C05_P005218_B0K_A00_R1.raw	1	8	AC=MS:1002038;NT=label free sample	NT=Lys-C;AC=MS:1001309	NT=LTQ Orbitrap Elite;AC=MS:1001910	NT=Carbamidomethyl;AC=UNIMOD:4;TA=C;MT=Fixed	NT=Oxidation;AC=UNIMOD:35;MT=Variable;TA=M	NT=Acetyl;AC=UNIMOD:1;PP=Protein N-term;MT=variable	"NT=Deamidated;MT=Variable;TA=N,Q;AC=UNIMOD:7"	NT=CID;AC=PRIDE:0000591	35% NCE	20 ppm	0.05 Da	Prostate
PXD000865-Sample-36	Homo sapiens	Prostate	not applicable	not applicable	not available	normal	not available	not available	not available	1	tissue	run 800	proteomic profiling by mass spectrometry	00705_C06_P005218_B0S_A00_R1.raw	ftp://ftp.pride.ebi.ac.uk/pride/data/archive/2014/05/PXD000865/00705_C06_P005218_B0S_A00_R1.raw	1	9	AC=MS:1002038;NT=label free sample	NT=Lys-C;AC=MS:1001309	NT=LTQ Orbitrap Elite;AC=MS:1001910	NT=Carbamidomethyl;AC=UNIMOD:4;TA=C;MT=Fixed	NT=Oxidation;AC=UNIMOD:35;MT=Variable;TA=M	NT=Acetyl;AC=UNIMOD:1;PP=Protein N-term;MT=variable	"NT=Deamidated;MT=Variable;TA=N,Q;AC=UNIMOD:7"	NT=CID;AC=PRIDE:0000591	35% NCE	20 ppm	0.05 Da	Prostate
PXD000865-Sample-36	Homo sapiens	Prostate	not applicable	not applicable	not available	normal	not available	not available	not available	1	tissue	run 801	proteomic profiling by mass spectrometry	00705_D04_P005218_B0D_A00_R1.raw	ftp://ftp.pride.ebi.ac.uk/pride/data/archive/2014/05/PXD000865/00705_D04_P005218_B0D_A00_R1.raw	1	10	AC=MS:1002038;NT=label free sample	NT=Lys-C;AC=MS:1001309	NT=LTQ Orbitrap Elite;AC=MS:1001910	NT=Carbamidomethyl;AC=UNIMOD:4;TA=C;MT=Fixed	NT=Oxidation;AC=UNIMOD:35;MT=Variable;TA=M	NT=Acetyl;AC=UNIMOD:1;PP=Protein N-term;MT=variable	"NT=Deamidated;MT=Variable;TA=N,Q;AC=UNIMOD:7"	NT=CID;AC=PRIDE:0000591	35% NCE	20 ppm	0.05 Da	Prostate
PXD000865-Sample-36	Homo sapiens	Prostate	not applicable	not applicable	not available	normal	not available	not available	not available	1	tissue	run 802	proteomic profiling by mass spectrometry	00705_D05_P005218_B0L_A00_R1_130509130000.raw	ftp://ftp.pride.ebi.ac.uk/pride/data/archive/2014/05/PXD000865/00705_D05_P005218_B0L_A00_R1_130509130000.raw	1	11	AC=MS:1002038;NT=label free sample	NT=Lys-C;AC=MS:1001309	NT=LTQ Orbitrap Elite;AC=MS:1001910	NT=Carbamidomethyl;AC=UNIMOD:4;TA=C;MT=Fixed	NT=Oxidation;AC=UNIMOD:35;MT=Variable;TA=M	NT=Acetyl;AC=UNIMOD:1;PP=Protein N-term;MT=variable	"NT=Deamidated;MT=Variable;TA=N,Q;AC=UNIMOD:7"	NT=CID;AC=PRIDE:0000591	35% NCE	20 ppm	0.05 Da	Prostate
PXD000865-Sample-36	Homo sapiens	Prostate	not applicable	not applicable	not available	normal	not available	not available	not available	1	tissue	run 803	proteomic profiling by mass spectrometry	00705_D06_P005218_B0T_A00_R1.raw	ftp://ftp.pride.ebi.ac.uk/pride/data/archive/2014/05/PXD000865/00705_D06_P005218_B0T_A00_R1.raw	1	12	AC=MS:1002038;NT=label free sample	NT=Lys-C;AC=MS:1001309	NT=LTQ Orbitrap Elite;AC=MS:1001910	NT=Carbamidomethyl;AC=UNIMOD:4;TA=C;MT=Fixed	NT=Oxidation;AC=UNIMOD:35;MT=Variable;TA=M	NT=Acetyl;AC=UNIMOD:1;PP=Protein N-term;MT=variable	"NT=Deamidated;MT=Variable;TA=N,Q;AC=UNIMOD:7"	NT=CID;AC=PRIDE:0000591	35% NCE	20 ppm	0.05 Da	Prostate
PXD000865-Sample-36	Homo sapiens	Prostate	not applicable	not applicable	not available	normal	not available	not available	not available	1	tissue	run 804	proteomic profiling by mass spectrometry	00705_E04_P005218_B0E_A00_R1.raw	ftp://ftp.pride.ebi.ac.uk/pride/data/archive/2014/05/PXD000865/00705_E04_P005218_B0E_A00_R1.raw	1	13	AC=MS:1002038;NT=label free sample	NT=Lys-C;AC=MS:1001309	NT=LTQ Orbitrap Elite;AC=MS:1001910	NT=Carbamidomethyl;AC=UNIMOD:4;TA=C;MT=Fixed	NT=Oxidation;AC=UNIMOD:35;MT=Variable;TA=M	NT=Acetyl;AC=UNIMOD:1;PP=Protein N-term;MT=variable	"NT=Deamidated;MT=Variable;TA=N,Q;AC=UNIMOD:7"	NT=CID;AC=PRIDE:0000591	35% NCE	20 ppm	0.05 Da	Prostate
PXD000865-Sample-36	Homo sapiens	Prostate	not applicable	not applicable	not available	normal	not available	not available	not available	1	tissue	run 805	proteomic profiling by mass spectrometry	00705_E05_P005218_B0M_A00_R1.raw	ftp://ftp.pride.ebi.ac.uk/pride/data/archive/2014/05/PXD000865/00705_E05_P005218_B0M_A00_R1.raw	1	14	AC=MS:1002038;NT=label free sample	NT=Lys-C;AC=MS:1001309	NT=LTQ Orbitrap Elite;AC=MS:1001910	NT=Carbamidomethyl;AC=UNIMOD:4;TA=C;MT=Fixed	NT=Oxidation;AC=UNIMOD:35;MT=Variable;TA=M	NT=Acetyl;AC=UNIMOD:1;PP=Protein N-term;MT=variable	"NT=Deamidated;MT=Variable;TA=N,Q;AC=UNIMOD:7"	NT=CID;AC=PRIDE:0000591	35% NCE	20 ppm	0.05 Da	Prostate
PXD000865-Sample-36	Homo sapiens	Prostate	not applicable	not applicable	not available	normal	not available	not available	not available	1	tissue	run 806	proteomic profiling by mass spectrometry	00705_E06_P005218_B0U_A00_R1.raw	ftp://ftp.pride.ebi.ac.uk/pride/data/archive/2014/05/PXD000865/00705_E06_P005218_B0U_A00_R1.raw	1	15	AC=MS:1002038;NT=label free sample	NT=Lys-C;AC=MS:1001309	NT=LTQ Orbitrap Elite;AC=MS:1001910	NT=Carbamidomethyl;AC=UNIMOD:4;TA=C;MT=Fixed	NT=Oxidation;AC=UNIMOD:35;MT=Variable;TA=M	NT=Acetyl;AC=UNIMOD:1;PP=Protein N-term;MT=variable	"NT=Deamidated;MT=Variable;TA=N,Q;AC=UNIMOD:7"	NT=CID;AC=PRIDE:0000591	35% NCE	20 ppm	0.05 Da	Prostate
PXD000865-Sample-36	Homo sapiens	Prostate	not applicable	not applicable	not available	normal	not available	not available	not available	1	tissue	run 807	proteomic profiling by mass spectrometry	00705_F04_P005218_B0F_A00_R1.raw	ftp://ftp.pride.ebi.ac.uk/pride/data/archive/2014/05/PXD000865/00705_F04_P005218_B0F_A00_R1.raw	1	16	AC=MS:1002038;NT=label free sample	NT=Lys-C;AC=MS:1001309	NT=LTQ Orbitrap Elite;AC=MS:1001910	NT=Carbamidomethyl;AC=UNIMOD:4;TA=C;MT=Fixed	NT=Oxidation;AC=UNIMOD:35;MT=Variable;TA=M	NT=Acetyl;AC=UNIMOD:1;PP=Protein N-term;MT=variable	"NT=Deamidated;MT=Variable;TA=N,Q;AC=UNIMOD:7"	NT=CID;AC=PRIDE:0000591	35% NCE	20 ppm	0.05 Da	Prostate
PXD000865-Sample-36	Homo sapiens	Prostate	not applicable	not applicable	not available	normal	not available	not available	not available	1	tissue	run 808	proteomic profiling by mass spectrometry	00705_F05_P005218_B0N_A00_R1.raw	ftp://ftp.pride.ebi.ac.uk/pride/data/archive/2014/05/PXD000865/00705_F05_P005218_B0N_A00_R1.raw	1	17	AC=MS:1002038;NT=label free sample	NT=Lys-C;AC=MS:1001309	NT=LTQ Orbitrap Elite;AC=MS:1001910	NT=Carbamidomethyl;AC=UNIMOD:4;TA=C;MT=Fixed	NT=Oxidation;AC=UNIMOD:35;MT=Variable;TA=M	NT=Acetyl;AC=UNIMOD:1;PP=Protein N-term;MT=variable	"NT=Deamidated;MT=Variable;TA=N,Q;AC=UNIMOD:7"	NT=CID;AC=PRIDE:0000591	35% NCE	20 ppm	0.05 Da	Prostate
PXD000865-Sample-36	Homo sapiens	Prostate	not applicable	not applicable	not available	normal	not available	not available	not available	1	tissue	run 809	proteomic profiling by mass spectrometry	00705_F06_P005218_B0V_A00_R1.raw	ftp://ftp.pride.ebi.ac.uk/pride/data/archive/2014/05/PXD000865/00705_F06_P005218_B0V_A00_R1.raw	1	18	AC=MS:1002038;NT=label free sample	NT=Lys-C;AC=MS:1001309	NT=LTQ Orbitrap Elite;AC=MS:1001910	NT=Carbamidomethyl;AC=UNIMOD:4;TA=C;MT=Fixed	NT=Oxidation;AC=UNIMOD:35;MT=Variable;TA=M	NT=Acetyl;AC=UNIMOD:1;PP=Protein N-term;MT=variable	"NT=Deamidated;MT=Variable;TA=N,Q;AC=UNIMOD:7"	NT=CID;AC=PRIDE:0000591	35% NCE	20 ppm	0.05 Da	Prostate
PXD000865-Sample-36	Homo sapiens	Prostate	not applicable	not applicable	not available	normal	not available	not available	not available	1	tissue	run 810	proteomic profiling by mass spectrometry	00705_G04_P005218_B0G_A00_R1.raw	ftp://ftp.pride.ebi.ac.uk/pride/data/archive/2014/05/PXD000865/00705_G04_P005218_B0G_A00_R1.raw	1	19	AC=MS:1002038;NT=label free sample	NT=Lys-C;AC=MS:1001309	NT=LTQ Orbitrap Elite;AC=MS:1001910	NT=Carbamidomethyl;AC=UNIMOD:4;TA=C;MT=Fixed	NT=Oxidation;AC=UNIMOD:35;MT=Variable;TA=M	NT=Acetyl;AC=UNIMOD:1;PP=Protein N-term;MT=variable	"NT=Deamidated;MT=Variable;TA=N,Q;AC=UNIMOD:7"	NT=CID;AC=PRIDE:0000591	35% NCE	20 ppm	0.05 Da	Prostate
PXD000865-Sample-36	Homo sapiens	Prostate	not applicable	not applicable	not available	normal	not available	not available	not available	1	tissue	run 811	proteomic profiling by mass spectrometry	00705_G05_P005218_B0O_A00_R1.raw	ftp://ftp.pride.ebi.ac.uk/pride/data/archive/2014/05/PXD000865/00705_G05_P005218_B0O_A00_R1.raw	1	20	AC=MS:1002038;NT=label free sample	NT=Lys-C;AC=MS:1001309	NT=LTQ Orbitrap Elite;AC=MS:1001910	NT=Carbamidomethyl;AC=UNIMOD:4;TA=C;MT=Fixed	NT=Oxidation;AC=UNIMOD:35;MT=Variable;TA=M	NT=Acetyl;AC=UNIMOD:1;PP=Protein N-term;MT=variable	"NT=Deamidated;MT=Variable;TA=N,Q;AC=UNIMOD:7"	NT=CID;AC=PRIDE:0000591	35% NCE	20 ppm	0.05 Da	Prostate
PXD000865-Sample-36	Homo sapiens	Prostate	not applicable	not applicable	not available	normal	not available	not available	not available	1	tissue	run 812	proteomic profiling by mass spectrometry	00705_G06_P005218_B0W_A00_R1.raw	ftp://ftp.pride.ebi.ac.uk/pride/data/archive/2014/05/PXD000865/00705_G06_P005218_B0W_A00_R1.raw	1	21	AC=MS:1002038;NT=label free sample	NT=Lys-C;AC=MS:1001309	NT=LTQ Orbitrap Elite;AC=MS:1001910	NT=Carbamidomethyl;AC=UNIMOD:4;TA=C;MT=Fixed	NT=Oxidation;AC=UNIMOD:35;MT=Variable;TA=M	NT=Acetyl;AC=UNIMOD:1;PP=Protein N-term;MT=variable	"NT=Deamidated;MT=Variable;TA=N,Q;AC=UNIMOD:7"	NT=CID;AC=PRIDE:0000591	35% NCE	20 ppm	0.05 Da	Prostate
PXD000865-Sample-36	Homo sapiens	Prostate	not applicable	not applicable	not available	normal	not available	not available	not available	1	tissue	run 813	proteomic profiling by mass spectrometry	00705_H04_P005218_B0H_A00_R1.raw	ftp://ftp.pride.ebi.ac.uk/pride/data/archive/2014/05/PXD000865/00705_H04_P005218_B0H_A00_R1.raw	1	22	AC=MS:1002038;NT=label free sample	NT=Lys-C;AC=MS:1001309	NT=LTQ Orbitrap Elite;AC=MS:1001910	NT=Carbamidomethyl;AC=UNIMOD:4;TA=C;MT=Fixed	NT=Oxidation;AC=UNIMOD:35;MT=Variable;TA=M	NT=Acetyl;AC=UNIMOD:1;PP=Protein N-term;MT=variable	"NT=Deamidated;MT=Variable;TA=N,Q;AC=UNIMOD:7"	NT=CID;AC=PRIDE:0000591	35% NCE	20 ppm	0.05 Da	Prostate
PXD000865-Sample-36	Homo sapiens	Prostate	not applicable	not applicable	not available	normal	not available	not available	not available	1	tissue	run 814	proteomic profiling by mass spectrometry	00705_H05_P005218_B0P_A00_R1.raw	ftp://ftp.pride.ebi.ac.uk/pride/data/archive/2014/05/PXD000865/00705_H05_P005218_B0P_A00_R1.raw	1	23	AC=MS:1002038;NT=label free sample	NT=Lys-C;AC=MS:1001309	NT=LTQ Orbitrap Elite;AC=MS:1001910	NT=Carbamidomethyl;AC=UNIMOD:4;TA=C;MT=Fixed	NT=Oxidation;AC=UNIMOD:35;MT=Variable;TA=M	NT=Acetyl;AC=UNIMOD:1;PP=Protein N-term;MT=variable	"NT=Deamidated;MT=Variable;TA=N,Q;AC=UNIMOD:7"	NT=CID;AC=PRIDE:0000591	35% NCE	20 ppm	0.05 Da	Prostate
PXD000865-Sample-36	Homo sapiens	Prostate	not applicable	not applicable	not available	normal	not available	not available	not available	1	tissue	run 815	proteomic profiling by mass spectrometry	00705_H06_P005218_B0x_A00_R1.raw	ftp://ftp.pride.ebi.ac.uk/pride/data/archive/2014/05/PXD000865/00705_H06_P005218_B0x_A00_R1.raw	1	24	AC=MS:1002038;NT=label free sample	NT=Lys-C;AC=MS:1001309	NT=LTQ Orbitrap Elite;AC=MS:1001910	NT=Carbamidomethyl;AC=UNIMOD:4;TA=C;MT=Fixed	NT=Oxidation;AC=UNIMOD:35;MT=Variable;TA=M	NT=Acetyl;AC=UNIMOD:1;PP=Protein N-term;MT=variable	"NT=Deamidated;MT=Variable;TA=N,Q;AC=UNIMOD:7"	NT=CID;AC=PRIDE:0000591	35% NCE	20 ppm	0.05 Da	Prostate
